run_tag,timestamp,dataset,group,regime,degenerate,tissue,method,kind,severity,seed,median_pitch,mean_pitch,p90_pitch,p95_pitch,median_px,n,pitch_px,bridge_coverage,base_err_pitch,beats_base,seconds,status,detail
reproduce,2026-07-18T08:35:09Z,Br5292,dlpfc,real_serial,False,human DLPFC,paste2,aligner,0.0,0,4.8629,5.7276,10.6888,12.8878,666.24,4182,137.0,0.9539,4.8629,True,0.0,ok,
reproduce,2026-07-18T08:35:09Z,Br5292,dlpfc,real_serial,False,human DLPFC,gate_rigid,refiner,0.0,0,3.178,3.7211,6.8692,8.2414,435.4,4182,137.0,0.9539,4.8629,True,0.04,ok,
reproduce,2026-07-18T08:35:10Z,Br5292,dlpfc,real_serial,False,human DLPFC,gate_affine,refiner,0.0,0,3.1721,3.7177,6.879,8.2276,434.6,4182,137.0,0.9539,4.8629,True,0.04,ok,
reproduce,2026-07-18T08:35:10Z,Br5292,dlpfc,real_serial,False,human DLPFC,sutura,aligner,0.0,0,0.7243,0.8419,1.46,1.8435,99.23,4182,137.0,0.9539,4.8629,True,0.38,ok,
reproduce,2026-07-18T08:35:10Z,Br5292,dlpfc,real_serial,False,human DLPFC,paste2,aligner,1.0,0,4.8652,5.7184,10.6304,13.0324,666.55,4182,137.0,0.9539,4.8652,True,0.0,ok,
reproduce,2026-07-18T08:35:10Z,Br5292,dlpfc,real_serial,False,human DLPFC,gate_rigid,refiner,1.0,0,3.2696,3.8194,7.0612,8.4173,447.95,4182,137.0,0.9539,4.8652,True,0.05,ok,
reproduce,2026-07-18T08:35:10Z,Br5292,dlpfc,real_serial,False,human DLPFC,gate_affine,refiner,1.0,0,3.1805,3.6979,6.8417,8.1702,435.74,4182,137.0,0.9539,4.8652,True,0.04,ok,
reproduce,2026-07-18T08:35:10Z,Br5292,dlpfc,real_serial,False,human DLPFC,sutura,aligner,1.0,0,0.7277,0.8381,1.4405,1.8161,99.69,4182,137.0,0.9539,4.8652,True,0.23,ok,
reproduce,2026-07-18T08:35:10Z,Br5292,dlpfc,real_serial,False,human DLPFC,paste2,aligner,2.0,0,5.0409,5.8505,10.9215,13.1963,690.63,4182,137.0,0.9539,5.0409,True,0.0,ok,
reproduce,2026-07-18T08:35:10Z,Br5292,dlpfc,real_serial,False,human DLPFC,gate_rigid,refiner,2.0,0,3.8422,4.5341,8.4982,10.0998,526.4,4182,137.0,0.9539,5.0409,True,0.05,ok,
reproduce,2026-07-18T08:35:10Z,Br5292,dlpfc,real_serial,False,human DLPFC,gate_affine,refiner,2.0,0,3.4307,4.0337,7.5376,9.0155,470.02,4182,137.0,0.9539,5.0409,True,0.04,ok,
reproduce,2026-07-18T08:35:11Z,Br5292,dlpfc,real_serial,False,human DLPFC,sutura,aligner,2.0,0,0.7286,0.8667,1.4988,1.9598,99.82,4182,137.0,0.9539,5.0409,True,0.25,ok,
reproduce,2026-07-18T08:35:11Z,Br5292,dlpfc,real_serial,False,human DLPFC,paste2,aligner,3.0,0,5.2332,6.0419,11.3724,13.6418,716.97,4182,137.0,0.9539,5.2332,True,0.0,ok,
reproduce,2026-07-18T08:35:11Z,Br5292,dlpfc,real_serial,False,human DLPFC,gate_rigid,refiner,3.0,0,4.4751,5.2695,9.9418,11.8041,613.1,4182,137.0,0.9539,5.2332,True,0.05,ok,
reproduce,2026-07-18T08:35:11Z,Br5292,dlpfc,real_serial,False,human DLPFC,gate_affine,refiner,3.0,0,3.8799,4.4902,8.3919,10.0988,531.55,4182,137.0,0.9539,5.2332,True,0.04,ok,
reproduce,2026-07-18T08:35:11Z,Br5292,dlpfc,real_serial,False,human DLPFC,sutura,aligner,3.0,0,0.7448,0.9528,1.617,2.3988,102.04,4182,137.0,0.9539,5.2332,True,0.26,ok,
reproduce,2026-07-18T08:35:11Z,Br5292,dlpfc,real_serial,False,human DLPFC,paste2,aligner,4.0,0,5.3326,6.2575,11.9299,14.4893,730.58,4182,137.0,0.9539,5.3326,True,0.0,ok,
reproduce,2026-07-18T08:35:11Z,Br5292,dlpfc,real_serial,False,human DLPFC,gate_rigid,refiner,4.0,0,4.9725,5.8386,11.1236,13.4764,681.25,4182,137.0,0.9539,5.3326,True,0.05,ok,
reproduce,2026-07-18T08:35:11Z,Br5292,dlpfc,real_serial,False,human DLPFC,gate_affine,refiner,4.0,0,4.2464,4.9267,9.3252,11.3398,581.78,4182,137.0,0.9539,5.3326,True,0.04,ok,
reproduce,2026-07-18T08:35:12Z,Br5292,dlpfc,real_serial,False,human DLPFC,sutura,aligner,4.0,0,0.753,1.0616,1.746,3.1654,103.16,4182,137.0,0.9539,5.3326,True,0.17,ok,
reproduce,2026-07-18T08:35:12Z,Br5292,dlpfc,real_serial,False,human DLPFC,paste2,aligner,6.0,0,5.6744,6.7793,13.1092,16.2669,777.41,4182,137.0,0.9539,5.6744,True,0.0,ok,
reproduce,2026-07-18T08:35:12Z,Br5292,dlpfc,real_serial,False,human DLPFC,gate_rigid,refiner,6.0,0,5.6281,6.6755,12.8491,16.1118,771.07,4182,137.0,0.9539,5.6744,True,0.05,ok,
reproduce,2026-07-18T08:35:12Z,Br5292,dlpfc,real_serial,False,human DLPFC,gate_affine,refiner,6.0,0,5.0243,5.9382,11.5114,14.1708,688.34,4182,137.0,0.9539,5.6744,True,0.06,ok,
reproduce,2026-07-18T08:35:12Z,Br5292,dlpfc,real_serial,False,human DLPFC,sutura,aligner,6.0,0,0.7927,1.5691,3.0881,8.0488,108.6,4182,137.0,0.9539,5.6744,True,0.17,ok,
reproduce,2026-07-18T08:35:12Z,Br5292,dlpfc,real_serial,False,human DLPFC,paste2,aligner,8.0,0,6.1221,7.2985,14.2332,17.7451,838.75,4182,137.0,0.9539,6.1221,True,0.0,ok,
reproduce,2026-07-18T08:35:12Z,Br5292,dlpfc,real_serial,False,human DLPFC,gate_rigid,refiner,8.0,0,6.0954,7.2673,14.1848,17.6732,835.09,4182,137.0,0.9539,6.1221,True,0.04,ok,
reproduce,2026-07-18T08:35:12Z,Br5292,dlpfc,real_serial,False,human DLPFC,gate_affine,refiner,8.0,0,5.6552,6.7716,13.3268,16.4263,774.78,4182,137.0,0.9539,6.1221,True,0.06,ok,
reproduce,2026-07-18T08:35:12Z,Br5292,dlpfc,real_serial,False,human DLPFC,sutura,aligner,8.0,0,0.8615,2.3267,8.7985,12.6657,118.03,4182,137.0,0.9539,6.1221,True,0.18,ok,
reproduce,2026-07-18T08:35:12Z,Br5292,dlpfc,real_serial,False,human DLPFC,paste2,aligner,0.0,1,4.815,5.6614,10.5928,12.6404,659.67,4182,137.0,0.9539,4.815,True,0.0,ok,
reproduce,2026-07-18T08:35:12Z,Br5292,dlpfc,real_serial,False,human DLPFC,gate_rigid,refiner,0.0,1,3.0574,3.6049,6.6616,8.0752,418.88,4182,137.0,0.9539,4.815,True,0.04,ok,
reproduce,2026-07-18T08:35:12Z,Br5292,dlpfc,real_serial,False,human DLPFC,gate_affine,refiner,0.0,1,3.0904,3.6242,6.6695,8.1439,423.39,4182,137.0,0.9539,4.815,True,0.05,ok,
reproduce,2026-07-18T08:35:13Z,Br5292,dlpfc,real_serial,False,human DLPFC,sutura,aligner,0.0,1,0.7217,0.849,1.4778,1.8735,98.88,4182,137.0,0.9539,4.815,True,0.17,ok,
reproduce,2026-07-18T08:35:13Z,Br5292,dlpfc,real_serial,False,human DLPFC,paste2,aligner,1.0,1,4.7673,5.68,10.6602,12.8784,653.13,4182,137.0,0.9539,4.7673,True,0.0,ok,
reproduce,2026-07-18T08:35:13Z,Br5292,dlpfc,real_serial,False,human DLPFC,gate_rigid,refiner,1.0,1,3.1048,3.621,6.6762,8.174,425.37,4182,137.0,0.9539,4.7673,True,0.04,ok,
reproduce,2026-07-18T08:35:13Z,Br5292,dlpfc,real_serial,False,human DLPFC,gate_affine,refiner,1.0,1,3.1269,3.6538,6.7375,8.2159,428.39,4182,137.0,0.9539,4.7673,True,0.04,ok,
reproduce,2026-07-18T08:35:13Z,Br5292,dlpfc,real_serial,False,human DLPFC,sutura,aligner,1.0,1,0.7208,0.8476,1.462,1.8696,98.75,4182,137.0,0.9539,4.7673,True,0.19,ok,
reproduce,2026-07-18T08:35:13Z,Br5292,dlpfc,real_serial,False,human DLPFC,paste2,aligner,2.0,1,5.0015,5.7711,10.8684,13.1203,685.23,4182,137.0,0.9539,5.0015,True,0.0,ok,
reproduce,2026-07-18T08:35:13Z,Br5292,dlpfc,real_serial,False,human DLPFC,gate_rigid,refiner,2.0,1,3.447,4.027,7.5,9.097,472.25,4182,137.0,0.9539,5.0015,True,0.05,ok,
reproduce,2026-07-18T08:35:13Z,Br5292,dlpfc,real_serial,False,human DLPFC,gate_affine,refiner,2.0,1,3.3256,3.9058,7.2069,8.8457,455.63,4182,137.0,0.9539,5.0015,True,0.04,ok,
reproduce,2026-07-18T08:35:13Z,Br5292,dlpfc,real_serial,False,human DLPFC,sutura,aligner,2.0,1,0.7171,0.8656,1.474,1.9464,98.24,4182,137.0,0.9539,5.0015,True,0.17,ok,
reproduce,2026-07-18T08:35:13Z,Br5292,dlpfc,real_serial,False,human DLPFC,paste2,aligner,3.0,1,5.1438,5.9748,11.3229,13.8606,704.72,4182,137.0,0.9539,5.1438,True,0.0,ok,
reproduce,2026-07-18T08:35:13Z,Br5292,dlpfc,real_serial,False,human DLPFC,gate_rigid,refiner,3.0,1,3.9627,4.6204,8.7351,10.7166,542.9,4182,137.0,0.9539,5.1438,True,0.05,ok,
reproduce,2026-07-18T08:35:13Z,Br5292,dlpfc,real_serial,False,human DLPFC,gate_affine,refiner,3.0,1,3.7985,4.4788,8.4761,10.3247,520.41,4182,137.0,0.9539,5.1438,True,0.05,ok,
reproduce,2026-07-18T08:35:14Z,Br5292,dlpfc,real_serial,False,human DLPFC,sutura,aligner,3.0,1,0.7186,0.8838,1.5085,2.0485,98.46,4182,137.0,0.9539,5.1438,True,0.2,ok,
reproduce,2026-07-18T08:35:14Z,Br5292,dlpfc,real_serial,False,human DLPFC,paste2,aligner,4.0,1,5.3276,6.3,12.1277,14.8676,729.91,4182,137.0,0.9539,5.3276,True,0.0,ok,
reproduce,2026-07-18T08:35:14Z,Br5292,dlpfc,real_serial,False,human DLPFC,gate_rigid,refiner,4.0,1,4.5465,5.323,10.2661,12.4276,622.89,4182,137.0,0.9539,5.3276,True,0.05,ok,
reproduce,2026-07-18T08:35:14Z,Br5292,dlpfc,real_serial,False,human DLPFC,gate_affine,refiner,4.0,1,4.3568,5.0896,9.7931,11.8056,596.89,4182,137.0,0.9539,5.3276,True,0.05,ok,
reproduce,2026-07-18T08:35:14Z,Br5292,dlpfc,real_serial,False,human DLPFC,sutura,aligner,4.0,1,0.721,0.9,1.5353,2.1196,98.78,4182,137.0,0.9539,5.3276,True,0.23,ok,
reproduce,2026-07-18T08:35:14Z,Br5292,dlpfc,real_serial,False,human DLPFC,paste2,aligner,6.0,1,5.8868,6.8989,13.3744,16.4697,806.52,4182,137.0,0.9539,5.8868,True,0.0,ok,
reproduce,2026-07-18T08:35:14Z,Br5292,dlpfc,real_serial,False,human DLPFC,gate_rigid,refiner,6.0,1,5.4584,6.4539,12.6278,15.3303,747.82,4182,137.0,0.9539,5.8868,True,0.15,ok,
reproduce,2026-07-18T08:35:14Z,Br5292,dlpfc,real_serial,False,human DLPFC,gate_affine,refiner,6.0,1,5.2312,6.1886,12.1789,14.6467,716.69,4182,137.0,0.9539,5.8868,True,0.04,ok,
reproduce,2026-07-18T08:35:14Z,Br5292,dlpfc,real_serial,False,human DLPFC,sutura,aligner,6.0,1,0.7132,0.9023,1.5444,2.0639,97.71,4182,137.0,0.9539,5.8868,True,0.17,ok,
reproduce,2026-07-18T08:35:15Z,Br5292,dlpfc,real_serial,False,human DLPFC,paste2,aligner,8.0,1,6.3019,7.5406,14.9829,18.2995,863.38,4182,137.0,0.9539,6.3019,True,0.0,ok,
reproduce,2026-07-18T08:35:15Z,Br5292,dlpfc,real_serial,False,human DLPFC,gate_rigid,refiner,8.0,1,6.221,7.3742,14.5896,17.8246,852.3,4182,137.0,0.9539,6.3019,True,0.06,ok,
reproduce,2026-07-18T08:35:15Z,Br5292,dlpfc,real_serial,False,human DLPFC,gate_affine,refiner,8.0,1,5.9888,7.143,14.1877,17.1843,820.49,4182,137.0,0.9539,6.3019,True,0.04,ok,
reproduce,2026-07-18T08:35:15Z,Br5292,dlpfc,real_serial,False,human DLPFC,sutura,aligner,8.0,1,0.7101,0.9133,1.5294,2.0206,97.29,4182,137.0,0.9539,6.3019,True,0.17,ok,
reproduce,2026-07-18T08:35:15Z,Br5292,dlpfc,real_serial,False,human DLPFC,paste2,aligner,0.0,2,4.8932,5.6961,10.6534,12.9751,670.38,4182,137.0,0.9539,4.8932,True,0.0,ok,
reproduce,2026-07-18T08:35:15Z,Br5292,dlpfc,real_serial,False,human DLPFC,gate_rigid,refiner,0.0,2,3.2292,3.7405,6.9285,8.281,442.41,4182,137.0,0.9539,4.8932,True,0.05,ok,
reproduce,2026-07-18T08:35:15Z,Br5292,dlpfc,real_serial,False,human DLPFC,gate_affine,refiner,0.0,2,3.1675,3.6579,6.7704,8.1388,433.96,4182,137.0,0.9539,4.8932,True,0.05,ok,
reproduce,2026-07-18T08:35:15Z,Br5292,dlpfc,real_serial,False,human DLPFC,sutura,aligner,0.0,2,0.7248,0.843,1.4747,1.8324,99.3,4182,137.0,0.9539,4.8932,True,0.21,ok,
reproduce,2026-07-18T08:35:15Z,Br5292,dlpfc,real_serial,False,human DLPFC,paste2,aligner,1.0,2,4.7843,5.701,10.6388,13.1025,655.47,4182,137.0,0.9539,4.7843,True,0.0,ok,
reproduce,2026-07-18T08:35:15Z,Br5292,dlpfc,real_serial,False,human DLPFC,gate_rigid,refiner,1.0,2,3.27,3.8327,7.0515,8.6127,448.01,4182,137.0,0.9539,4.7843,True,0.05,ok,
reproduce,2026-07-18T08:35:15Z,Br5292,dlpfc,real_serial,False,human DLPFC,gate_affine,refiner,1.0,2,3.151,3.6669,6.7774,8.2343,431.7,4182,137.0,0.9539,4.7843,True,0.06,ok,
reproduce,2026-07-18T08:35:16Z,Br5292,dlpfc,real_serial,False,human DLPFC,sutura,aligner,1.0,2,0.7288,0.8471,1.4715,1.8344,99.85,4182,137.0,0.9539,4.7843,True,0.17,ok,
reproduce,2026-07-18T08:35:16Z,Br5292,dlpfc,real_serial,False,human DLPFC,paste2,aligner,2.0,2,5.0218,5.8605,11.1035,13.5928,688.0,4182,137.0,0.9539,5.0218,True,0.0,ok,
reproduce,2026-07-18T08:35:16Z,Br5292,dlpfc,real_serial,False,human DLPFC,gate_rigid,refiner,2.0,2,3.8361,4.5032,8.3474,10.2486,525.55,4182,137.0,0.9539,5.0218,True,0.04,ok,
reproduce,2026-07-18T08:35:16Z,Br5292,dlpfc,real_serial,False,human DLPFC,gate_affine,refiner,2.0,2,3.4888,4.0807,7.6329,9.3401,477.98,4182,137.0,0.9539,5.0218,True,0.05,ok,
reproduce,2026-07-18T08:35:16Z,Br5292,dlpfc,real_serial,False,human DLPFC,sutura,aligner,2.0,2,0.7416,0.883,1.5313,1.9964,101.6,4182,137.0,0.9539,5.0218,True,0.18,ok,
reproduce,2026-07-18T08:35:16Z,Br5292,dlpfc,real_serial,False,human DLPFC,paste2,aligner,3.0,2,5.1698,6.0284,11.4167,14.1799,708.27,4182,137.0,0.9539,5.1698,True,0.0,ok,
reproduce,2026-07-18T08:35:16Z,Br5292,dlpfc,real_serial,False,human DLPFC,gate_rigid,refiner,3.0,2,4.421,5.1775,9.7584,11.8566,605.69,4182,137.0,0.9539,5.1698,True,0.06,ok,
reproduce,2026-07-18T08:35:16Z,Br5292,dlpfc,real_serial,False,human DLPFC,gate_affine,refiner,3.0,2,3.9171,4.6023,8.6332,10.4755,536.65,4182,137.0,0.9539,5.1698,True,0.05,ok,
reproduce,2026-07-18T08:35:16Z,Br5292,dlpfc,real_serial,False,human DLPFC,sutura,aligner,3.0,2,0.7473,0.9338,1.5932,2.2217,102.39,4182,137.0,0.9539,5.1698,True,0.17,ok,
reproduce,2026-07-18T08:35:16Z,Br5292,dlpfc,real_serial,False,human DLPFC,paste2,aligner,4.0,2,5.3183,6.2708,12.1896,14.8107,728.62,4182,137.0,0.9539,5.3183,True,0.0,ok,
reproduce,2026-07-18T08:35:16Z,Br5292,dlpfc,real_serial,False,human DLPFC,gate_rigid,refiner,4.0,2,4.9078,5.8148,11.2058,13.5594,672.38,4182,137.0,0.9539,5.3183,True,0.05,ok,
reproduce,2026-07-18T08:35:16Z,Br5292,dlpfc,real_serial,False,human DLPFC,gate_affine,refiner,4.0,2,4.3284,5.1193,9.798,11.6968,593.01,4182,137.0,0.9539,5.3183,True,0.05,ok,
reproduce,2026-07-18T08:35:17Z,Br5292,dlpfc,real_serial,False,human DLPFC,sutura,aligner,4.0,2,0.7662,1.0435,1.7103,2.7531,104.97,4182,137.0,0.9539,5.3183,True,0.17,ok,
reproduce,2026-07-18T08:35:17Z,Br5292,dlpfc,real_serial,False,human DLPFC,paste2,aligner,6.0,2,5.5759,6.7355,13.1633,16.0834,763.92,4182,137.0,0.9539,5.5759,True,0.0,ok,
reproduce,2026-07-18T08:35:17Z,Br5292,dlpfc,real_serial,False,human DLPFC,gate_rigid,refiner,6.0,2,5.4291,6.6096,12.9257,15.7336,743.8,4182,137.0,0.9539,5.5759,True,0.05,ok,
reproduce,2026-07-18T08:35:17Z,Br5292,dlpfc,real_serial,False,human DLPFC,gate_affine,refiner,6.0,2,5.0866,6.1106,11.9544,14.3943,696.88,4182,137.0,0.9539,5.5759,True,0.05,ok,
reproduce,2026-07-18T08:35:17Z,Br5292,dlpfc,real_serial,False,human DLPFC,sutura,aligner,6.0,2,0.8031,1.4496,2.2672,7.1623,110.03,4182,137.0,0.9539,5.5759,True,0.19,ok,
reproduce,2026-07-18T08:35:17Z,Br5292,dlpfc,real_serial,False,human DLPFC,paste2,aligner,8.0,2,6.0305,7.2436,14.2791,17.7067,826.2,4182,137.0,0.9539,6.0305,True,0.0,ok,
reproduce,2026-07-18T08:35:17Z,Br5292,dlpfc,real_serial,False,human DLPFC,gate_rigid,refiner,8.0,2,5.9829,7.206,14.2314,17.6188,819.68,4182,137.0,0.9539,6.0305,True,0.05,ok,
reproduce,2026-07-18T08:35:17Z,Br5292,dlpfc,real_serial,False,human DLPFC,gate_affine,refiner,8.0,2,5.7476,6.9547,13.7319,16.9664,787.44,4182,137.0,0.9539,6.0305,True,0.05,ok,
reproduce,2026-07-18T08:35:17Z,Br5292,dlpfc,real_serial,False,human DLPFC,sutura,aligner,8.0,2,0.8583,2.1361,6.7634,12.8394,117.58,4182,137.0,0.9539,6.0305,True,0.19,ok,
reproduce,2026-07-18T08:35:20Z,Br5595,dlpfc,real_serial,False,human DLPFC,paste2,aligner,0.0,0,3.8716,4.5561,8.3551,9.9407,530.42,3363,137.0,0.9614,3.8716,True,0.0,ok,
reproduce,2026-07-18T08:35:20Z,Br5595,dlpfc,real_serial,False,human DLPFC,gate_rigid,refiner,0.0,0,1.7736,2.0356,3.6239,4.2258,242.99,3363,137.0,0.9614,3.8716,True,0.03,ok,
reproduce,2026-07-18T08:35:21Z,Br5595,dlpfc,real_serial,False,human DLPFC,gate_affine,refiner,0.0,0,1.6885,1.9321,3.409,3.931,231.33,3363,137.0,0.9614,3.8716,True,0.04,ok,
reproduce,2026-07-18T08:35:21Z,Br5595,dlpfc,real_serial,False,human DLPFC,sutura,aligner,0.0,0,16.3209,18.6663,33.9477,37.6402,2236.03,3363,137.0,0.9614,3.8716,False,0.13,ok,
reproduce,2026-07-18T08:35:21Z,Br5595,dlpfc,real_serial,False,human DLPFC,paste2,aligner,1.0,0,3.8873,4.5707,8.327,10.0572,532.57,3363,137.0,0.9614,3.8873,True,0.0,ok,
reproduce,2026-07-18T08:35:21Z,Br5595,dlpfc,real_serial,False,human DLPFC,gate_rigid,refiner,1.0,0,1.8924,2.1677,3.8527,4.4642,259.26,3363,137.0,0.9614,3.8873,True,0.05,ok,
reproduce,2026-07-18T08:35:21Z,Br5595,dlpfc,real_serial,False,human DLPFC,gate_affine,refiner,1.0,0,1.7276,1.9676,3.51,4.0534,236.68,3363,137.0,0.9614,3.8873,True,0.04,ok,
reproduce,2026-07-18T08:35:21Z,Br5595,dlpfc,real_serial,False,human DLPFC,sutura,aligner,1.0,0,16.3079,18.667,33.9166,37.6783,2234.24,3363,137.0,0.9614,3.8873,False,0.12,ok,
reproduce,2026-07-18T08:35:21Z,Br5595,dlpfc,real_serial,False,human DLPFC,paste2,aligner,2.0,0,3.9279,4.6297,8.4049,10.2855,538.14,3363,137.0,0.9614,3.9279,True,0.0,ok,
reproduce,2026-07-18T08:35:21Z,Br5595,dlpfc,real_serial,False,human DLPFC,gate_rigid,refiner,2.0,0,2.5675,2.9297,5.1575,6.0205,351.75,3363,137.0,0.9614,3.9279,True,0.04,ok,
reproduce,2026-07-18T08:35:21Z,Br5595,dlpfc,real_serial,False,human DLPFC,gate_affine,refiner,2.0,0,2.0508,2.2792,3.9398,4.6394,280.97,3363,137.0,0.9614,3.9279,True,0.04,ok,
reproduce,2026-07-18T08:35:21Z,Br5595,dlpfc,real_serial,False,human DLPFC,sutura,aligner,2.0,0,16.26,18.6725,33.9093,37.5199,2227.68,3363,137.0,0.9614,3.9279,False,0.16,ok,
reproduce,2026-07-18T08:35:21Z,Br5595,dlpfc,real_serial,False,human DLPFC,paste2,aligner,3.0,0,3.9837,4.7173,8.728,10.4423,545.78,3363,137.0,0.9614,3.9837,True,0.0,ok,
reproduce,2026-07-18T08:35:21Z,Br5595,dlpfc,real_serial,False,human DLPFC,gate_rigid,refiner,3.0,0,3.1519,3.6384,6.5761,7.7512,431.82,3363,137.0,0.9614,3.9837,True,0.04,ok,
reproduce,2026-07-18T08:35:21Z,Br5595,dlpfc,real_serial,False,human DLPFC,gate_affine,refiner,3.0,0,2.459,2.7299,4.7089,5.5517,336.89,3363,137.0,0.9614,3.9837,True,0.04,ok,
reproduce,2026-07-18T08:35:22Z,Br5595,dlpfc,real_serial,False,human DLPFC,sutura,aligner,3.0,0,16.2338,18.6772,33.8825,37.496,2224.08,3363,137.0,0.9614,3.9837,False,0.12,ok,
reproduce,2026-07-18T08:35:22Z,Br5595,dlpfc,real_serial,False,human DLPFC,paste2,aligner,4.0,0,4.1897,4.9204,9.0003,10.9569,574.01,3363,137.0,0.9614,4.1897,True,0.0,ok,
reproduce,2026-07-18T08:35:22Z,Br5595,dlpfc,real_serial,False,human DLPFC,gate_rigid,refiner,4.0,0,3.6596,4.3097,7.8768,9.3898,501.38,3363,137.0,0.9614,4.1897,True,0.04,ok,
reproduce,2026-07-18T08:35:22Z,Br5595,dlpfc,real_serial,False,human DLPFC,gate_affine,refiner,4.0,0,2.9629,3.2911,5.7263,6.9051,405.92,3363,137.0,0.9614,4.1897,True,0.04,ok,
reproduce,2026-07-18T08:35:22Z,Br5595,dlpfc,real_serial,False,human DLPFC,sutura,aligner,4.0,0,16.2676,18.6723,33.878,37.4881,2228.71,3363,137.0,0.9614,4.1897,False,0.1,ok,
reproduce,2026-07-18T08:35:22Z,Br5595,dlpfc,real_serial,False,human DLPFC,paste2,aligner,6.0,0,4.6317,5.5476,10.349,13.0466,634.56,3363,137.0,0.9614,4.6317,True,0.0,ok,
reproduce,2026-07-18T08:35:22Z,Br5595,dlpfc,real_serial,False,human DLPFC,gate_rigid,refiner,6.0,0,4.4679,5.3598,9.9877,12.6496,612.11,3363,137.0,0.9614,4.6317,True,0.03,ok,
reproduce,2026-07-18T08:35:22Z,Br5595,dlpfc,real_serial,False,human DLPFC,gate_affine,refiner,6.0,0,3.9276,4.5113,8.4277,10.1559,538.09,3363,137.0,0.9614,4.6317,True,0.03,ok,
reproduce,2026-07-18T08:35:22Z,Br5595,dlpfc,real_serial,False,human DLPFC,sutura,aligner,6.0,0,16.5977,18.795,33.869,37.5491,2273.94,3363,137.0,0.9614,4.6317,False,0.11,ok,
reproduce,2026-07-18T08:35:22Z,Br5595,dlpfc,real_serial,False,human DLPFC,paste2,aligner,8.0,0,5.0695,6.1188,11.7191,14.9111,694.54,3363,137.0,0.9614,5.0695,True,0.0,ok,
reproduce,2026-07-18T08:35:22Z,Br5595,dlpfc,real_serial,False,human DLPFC,gate_rigid,refiner,8.0,0,5.0163,6.0531,11.5835,14.7169,687.25,3363,137.0,0.9614,5.0695,True,0.04,ok,
reproduce,2026-07-18T08:35:22Z,Br5595,dlpfc,real_serial,False,human DLPFC,gate_affine,refiner,8.0,0,4.6816,5.5268,10.484,12.9578,641.4,3363,137.0,0.9614,5.0695,True,0.03,ok,
reproduce,2026-07-18T08:35:22Z,Br5595,dlpfc,real_serial,False,human DLPFC,sutura,aligner,8.0,0,16.8716,18.9504,33.8615,37.5584,2311.47,3363,137.0,0.9614,5.0695,False,0.11,ok,
reproduce,2026-07-18T08:35:22Z,Br5595,dlpfc,real_serial,False,human DLPFC,paste2,aligner,0.0,1,3.8962,4.5695,8.2968,10.0454,533.79,3363,137.0,0.9614,3.8962,True,0.0,ok,
reproduce,2026-07-18T08:35:22Z,Br5595,dlpfc,real_serial,False,human DLPFC,gate_rigid,refiner,0.0,1,1.7805,2.0523,3.672,4.2592,243.94,3363,137.0,0.9614,3.8962,True,0.04,ok,
reproduce,2026-07-18T08:35:22Z,Br5595,dlpfc,real_serial,False,human DLPFC,gate_affine,refiner,0.0,1,1.7659,1.9928,3.5403,4.1549,241.93,3363,137.0,0.9614,3.8962,True,0.04,ok,
reproduce,2026-07-18T08:35:23Z,Br5595,dlpfc,real_serial,False,human DLPFC,sutura,aligner,0.0,1,16.2665,18.6533,33.8857,37.6026,2228.57,3363,137.0,0.9614,3.8962,False,0.1,ok,
reproduce,2026-07-18T08:35:23Z,Br5595,dlpfc,real_serial,False,human DLPFC,paste2,aligner,1.0,1,3.8882,4.5751,8.3668,10.0454,532.7,3363,137.0,0.9614,3.8882,True,0.0,ok,
reproduce,2026-07-18T08:35:23Z,Br5595,dlpfc,real_serial,False,human DLPFC,gate_rigid,refiner,1.0,1,1.7264,1.9856,3.5927,4.2263,236.52,3363,137.0,0.9614,3.8882,True,0.04,ok,
reproduce,2026-07-18T08:35:23Z,Br5595,dlpfc,real_serial,False,human DLPFC,gate_affine,refiner,1.0,1,1.7467,1.9919,3.5592,4.1692,239.3,3363,137.0,0.9614,3.8882,True,0.04,ok,
reproduce,2026-07-18T08:35:23Z,Br5595,dlpfc,real_serial,False,human DLPFC,sutura,aligner,1.0,1,16.2665,18.6597,33.898,37.6451,2228.57,3363,137.0,0.9614,3.8882,False,0.09,ok,
reproduce,2026-07-18T08:35:23Z,Br5595,dlpfc,real_serial,False,human DLPFC,paste2,aligner,2.0,1,4.0486,4.6691,8.4731,10.122,554.67,3363,137.0,0.9614,4.0486,True,0.0,ok,
reproduce,2026-07-18T08:35:23Z,Br5595,dlpfc,real_serial,False,human DLPFC,gate_rigid,refiner,2.0,1,2.2722,2.5817,4.6123,5.3832,311.31,3363,137.0,0.9614,4.0486,True,0.03,ok,
reproduce,2026-07-18T08:35:23Z,Br5595,dlpfc,real_serial,False,human DLPFC,gate_affine,refiner,2.0,1,2.1408,2.4059,4.2765,5.0031,293.3,3363,137.0,0.9614,4.0486,True,0.04,ok,
reproduce,2026-07-18T08:35:23Z,Br5595,dlpfc,real_serial,False,human DLPFC,sutura,aligner,2.0,1,16.257,18.6536,33.8988,37.6464,2227.27,3363,137.0,0.9614,4.0486,False,0.1,ok,
reproduce,2026-07-18T08:35:23Z,Br5595,dlpfc,real_serial,False,human DLPFC,paste2,aligner,3.0,1,4.1028,4.7621,8.7302,10.5015,562.09,3363,137.0,0.9614,4.1028,True,0.0,ok,
reproduce,2026-07-18T08:35:23Z,Br5595,dlpfc,real_serial,False,human DLPFC,gate_rigid,refiner,3.0,1,2.8034,3.1851,5.7694,6.7473,384.07,3363,137.0,0.9614,4.1028,True,0.04,ok,
reproduce,2026-07-18T08:35:23Z,Br5595,dlpfc,real_serial,False,human DLPFC,gate_affine,refiner,3.0,1,2.5513,2.8502,5.103,6.0015,349.54,3363,137.0,0.9614,4.1028,True,0.04,ok,
reproduce,2026-07-18T08:35:23Z,Br5595,dlpfc,real_serial,False,human DLPFC,sutura,aligner,3.0,1,16.2134,18.6582,33.8994,37.6483,2221.3,3363,137.0,0.9614,4.1028,False,0.1,ok,
reproduce,2026-07-18T08:35:23Z,Br5595,dlpfc,real_serial,False,human DLPFC,paste2,aligner,4.0,1,4.2298,4.9192,9.1167,10.8562,579.5,3363,137.0,0.9614,4.2298,True,0.0,ok,
reproduce,2026-07-18T08:35:23Z,Br5595,dlpfc,real_serial,False,human DLPFC,gate_rigid,refiner,4.0,1,3.3118,3.8066,6.9307,8.1019,453.73,3363,137.0,0.9614,4.2298,True,0.04,ok,
reproduce,2026-07-18T08:35:23Z,Br5595,dlpfc,real_serial,False,human DLPFC,gate_affine,refiner,4.0,1,2.9975,3.3757,6.1098,7.1903,410.67,3363,137.0,0.9614,4.2298,True,0.04,ok,
reproduce,2026-07-18T08:35:23Z,Br5595,dlpfc,real_serial,False,human DLPFC,sutura,aligner,4.0,1,16.2351,18.6692,33.9001,37.6387,2224.27,3363,137.0,0.9614,4.2298,False,0.1,ok,
reproduce,2026-07-18T08:35:24Z,Br5595,dlpfc,real_serial,False,human DLPFC,paste2,aligner,6.0,1,4.5336,5.333,9.8908,11.8797,621.12,3363,137.0,0.9614,4.5336,True,0.0,ok,
reproduce,2026-07-18T08:35:24Z,Br5595,dlpfc,real_serial,False,human DLPFC,gate_rigid,refiner,6.0,1,4.0956,4.7996,8.9475,10.5799,561.11,3363,137.0,0.9614,4.5336,True,0.03,ok,
reproduce,2026-07-18T08:35:24Z,Br5595,dlpfc,real_serial,False,human DLPFC,gate_affine,refiner,6.0,1,3.7937,4.3789,8.0257,9.5916,519.75,3363,137.0,0.9614,4.5336,True,0.03,ok,
reproduce,2026-07-18T08:35:24Z,Br5595,dlpfc,real_serial,False,human DLPFC,sutura,aligner,6.0,1,16.2879,18.6723,33.8033,37.4583,2231.5,3363,137.0,0.9614,4.5336,False,0.11,ok,
reproduce,2026-07-18T08:35:24Z,Br5595,dlpfc,real_serial,False,human DLPFC,paste2,aligner,8.0,1,5.0289,5.8851,11.1974,13.594,688.98,3363,137.0,0.9614,5.0289,True,0.0,ok,
reproduce,2026-07-18T08:35:24Z,Br5595,dlpfc,real_serial,False,human DLPFC,gate_rigid,refiner,8.0,1,4.7727,5.6522,10.7576,13.0191,653.87,3363,137.0,0.9614,5.0289,True,0.04,ok,
reproduce,2026-07-18T08:35:24Z,Br5595,dlpfc,real_serial,False,human DLPFC,gate_affine,refiner,8.0,1,4.4359,5.2681,10.0387,12.1676,607.73,3363,137.0,0.9614,5.0289,True,0.04,ok,
reproduce,2026-07-18T08:35:24Z,Br5595,dlpfc,real_serial,False,human DLPFC,sutura,aligner,8.0,1,16.2761,18.6816,33.9652,37.658,2229.88,3363,137.0,0.9614,5.0289,False,0.11,ok,
reproduce,2026-07-18T08:35:24Z,Br5595,dlpfc,real_serial,False,human DLPFC,paste2,aligner,0.0,2,3.8648,4.5712,8.347,10.1081,529.5,3363,137.0,0.9614,3.8648,True,0.0,ok,
reproduce,2026-07-18T08:35:24Z,Br5595,dlpfc,real_serial,False,human DLPFC,gate_rigid,refiner,0.0,2,1.7635,2.0188,3.5449,4.1646,241.6,3363,137.0,0.9614,3.8648,True,0.04,ok,
reproduce,2026-07-18T08:35:24Z,Br5595,dlpfc,real_serial,False,human DLPFC,gate_affine,refiner,0.0,2,1.7923,2.0259,3.5281,4.1435,245.55,3363,137.0,0.9614,3.8648,True,0.03,ok,
reproduce,2026-07-18T08:35:24Z,Br5595,dlpfc,real_serial,False,human DLPFC,sutura,aligner,0.0,2,16.3124,18.6575,33.808,37.5083,2234.85,3363,137.0,0.9614,3.8648,False,0.1,ok,
reproduce,2026-07-18T08:35:24Z,Br5595,dlpfc,real_serial,False,human DLPFC,paste2,aligner,1.0,2,3.8707,4.576,8.3634,10.0393,530.3,3363,137.0,0.9614,3.8707,True,0.0,ok,
reproduce,2026-07-18T08:35:24Z,Br5595,dlpfc,real_serial,False,human DLPFC,gate_rigid,refiner,1.0,2,1.8684,2.1106,3.6763,4.2588,255.97,3363,137.0,0.9614,3.8707,True,0.03,ok,
reproduce,2026-07-18T08:35:24Z,Br5595,dlpfc,real_serial,False,human DLPFC,gate_affine,refiner,1.0,2,1.797,2.0394,3.5685,4.1158,246.19,3363,137.0,0.9614,3.8707,True,0.04,ok,
reproduce,2026-07-18T08:35:24Z,Br5595,dlpfc,real_serial,False,human DLPFC,sutura,aligner,1.0,2,16.3172,18.6485,33.8081,37.4778,2235.52,3363,137.0,0.9614,3.8707,False,0.09,ok,
reproduce,2026-07-18T08:35:25Z,Br5595,dlpfc,real_serial,False,human DLPFC,paste2,aligner,2.0,2,3.9924,4.6801,8.6251,10.3389,546.97,3363,137.0,0.9614,3.9924,True,0.0,ok,
reproduce,2026-07-18T08:35:25Z,Br5595,dlpfc,real_serial,False,human DLPFC,gate_rigid,refiner,2.0,2,2.6507,2.9463,5.0202,5.805,363.16,3363,137.0,0.9614,3.9924,True,0.03,ok,
reproduce,2026-07-18T08:35:25Z,Br5595,dlpfc,real_serial,False,human DLPFC,gate_affine,refiner,2.0,2,2.1946,2.447,4.2176,4.9411,300.66,3363,137.0,0.9614,3.9924,True,0.03,ok,
reproduce,2026-07-18T08:35:25Z,Br5595,dlpfc,real_serial,False,human DLPFC,sutura,aligner,2.0,2,16.2819,18.641,33.6622,37.508,2230.68,3363,137.0,0.9614,3.9924,False,0.09,ok,
reproduce,2026-07-18T08:35:25Z,Br5595,dlpfc,real_serial,False,human DLPFC,paste2,aligner,3.0,2,4.1372,4.8328,8.9188,10.8754,566.81,3363,137.0,0.9614,4.1372,True,0.0,ok,
reproduce,2026-07-18T08:35:25Z,Br5595,dlpfc,real_serial,False,human DLPFC,gate_rigid,refiner,3.0,2,3.3374,3.7286,6.4485,7.5681,457.23,3363,137.0,0.9614,4.1372,True,0.04,ok,
reproduce,2026-07-18T08:35:25Z,Br5595,dlpfc,real_serial,False,human DLPFC,gate_affine,refiner,3.0,2,2.6207,2.9172,5.0562,5.9062,359.04,3363,137.0,0.9614,4.1372,True,0.03,ok,
reproduce,2026-07-18T08:35:25Z,Br5595,dlpfc,real_serial,False,human DLPFC,sutura,aligner,3.0,2,16.2877,18.6069,33.7782,37.5102,2231.47,3363,137.0,0.9614,4.1372,False,0.09,ok,
reproduce,2026-07-18T08:35:25Z,Br5595,dlpfc,real_serial,False,human DLPFC,paste2,aligner,4.0,2,4.2672,5.0417,9.4277,11.5072,584.62,3363,137.0,0.9614,4.2672,True,0.0,ok,
reproduce,2026-07-18T08:35:25Z,Br5595,dlpfc,real_serial,False,human DLPFC,gate_rigid,refiner,4.0,2,3.8434,4.3786,7.8579,9.3526,526.56,3363,137.0,0.9614,4.2672,True,0.04,ok,
reproduce,2026-07-18T08:35:25Z,Br5595,dlpfc,real_serial,False,human DLPFC,gate_affine,refiner,4.0,2,3.0691,3.4792,6.139,7.1863,420.47,3363,137.0,0.9614,4.2672,True,0.03,ok,
reproduce,2026-07-18T08:35:25Z,Br5595,dlpfc,real_serial,False,human DLPFC,sutura,aligner,4.0,2,16.2643,18.5858,33.8093,37.517,2228.27,3363,137.0,0.9614,4.2672,False,0.08,ok,
reproduce,2026-07-18T08:35:25Z,Br5595,dlpfc,real_serial,False,human DLPFC,paste2,aligner,6.0,2,4.8326,5.7451,11.0196,13.3509,662.09,3363,137.0,0.9614,4.8326,True,0.0,ok,
reproduce,2026-07-18T08:35:25Z,Br5595,dlpfc,real_serial,False,human DLPFC,gate_rigid,refiner,6.0,2,4.7145,5.5396,10.4927,12.5851,645.91,3363,137.0,0.9614,4.8326,True,0.03,ok,
reproduce,2026-07-18T08:35:25Z,Br5595,dlpfc,real_serial,False,human DLPFC,gate_affine,refiner,6.0,2,4.1108,4.7656,8.794,10.552,563.19,3363,137.0,0.9614,4.8326,True,0.03,ok,
reproduce,2026-07-18T08:35:25Z,Br5595,dlpfc,real_serial,False,human DLPFC,sutura,aligner,6.0,2,16.2952,18.6088,33.8069,37.5016,2232.5,3363,137.0,0.9614,4.8326,False,0.09,ok,
reproduce,2026-07-18T08:35:25Z,Br5595,dlpfc,real_serial,False,human DLPFC,paste2,aligner,8.0,2,5.5058,6.6289,12.8502,15.9434,754.31,3363,137.0,0.9614,5.5058,True,0.0,ok,
reproduce,2026-07-18T08:35:25Z,Br5595,dlpfc,real_serial,False,human DLPFC,gate_rigid,refiner,8.0,2,5.4909,6.5617,12.6982,15.6549,752.27,3363,137.0,0.9614,5.5058,True,0.03,ok,
reproduce,2026-07-18T08:35:26Z,Br5595,dlpfc,real_serial,False,human DLPFC,gate_affine,refiner,8.0,2,5.0914,6.0369,11.4504,14.2046,697.54,3363,137.0,0.9614,5.5058,True,0.03,ok,
reproduce,2026-07-18T08:35:26Z,Br5595,dlpfc,real_serial,False,human DLPFC,sutura,aligner,8.0,2,16.2848,18.5497,33.5969,37.478,2231.07,3363,137.0,0.9614,5.5058,False,0.09,ok,
reproduce,2026-07-18T08:35:30Z,Br8100,dlpfc,real_serial,False,human DLPFC,paste2,aligner,0.0,0,2.9866,3.5326,6.8892,8.0355,409.17,3502,137.0,0.9534,2.9866,True,0.0,ok,
reproduce,2026-07-18T08:35:30Z,Br8100,dlpfc,real_serial,False,human DLPFC,gate_rigid,refiner,0.0,0,1.4611,1.6709,3.05,3.4045,200.18,3502,137.0,0.9534,2.9866,True,0.03,ok,
reproduce,2026-07-18T08:35:30Z,Br8100,dlpfc,real_serial,False,human DLPFC,gate_affine,refiner,0.0,0,1.4376,1.5892,2.7649,3.1133,196.95,3502,137.0,0.9534,2.9866,True,0.03,ok,
reproduce,2026-07-18T08:35:30Z,Br8100,dlpfc,real_serial,False,human DLPFC,sutura,aligner,0.0,0,18.9888,18.7659,30.5417,33.2998,2601.53,3502,137.0,0.9534,2.9866,False,0.1,ok,
reproduce,2026-07-18T08:35:30Z,Br8100,dlpfc,real_serial,False,human DLPFC,paste2,aligner,1.0,0,2.9753,3.5284,6.9105,8.0157,407.63,3502,137.0,0.9534,2.9753,True,0.0,ok,
reproduce,2026-07-18T08:35:30Z,Br8100,dlpfc,real_serial,False,human DLPFC,gate_rigid,refiner,1.0,0,1.6438,1.8685,3.2896,3.6967,225.21,3502,137.0,0.9534,2.9753,True,0.04,ok,
reproduce,2026-07-18T08:35:30Z,Br8100,dlpfc,real_serial,False,human DLPFC,gate_affine,refiner,1.0,0,1.4625,1.612,2.8156,3.1684,200.37,3502,137.0,0.9534,2.9753,True,0.05,ok,
reproduce,2026-07-18T08:35:30Z,Br8100,dlpfc,real_serial,False,human DLPFC,sutura,aligner,1.0,0,18.9685,18.7633,30.6238,33.3386,2598.75,3502,137.0,0.9534,2.9753,False,0.09,ok,
reproduce,2026-07-18T08:35:31Z,Br8100,dlpfc,real_serial,False,human DLPFC,paste2,aligner,2.0,0,3.0146,3.6252,7.0599,8.6014,413.01,3502,137.0,0.9534,3.0146,True,0.0,ok,
reproduce,2026-07-18T08:35:31Z,Br8100,dlpfc,real_serial,False,human DLPFC,gate_rigid,refiner,2.0,0,2.4506,2.7203,4.5648,5.3806,335.74,3502,137.0,0.9534,3.0146,True,0.05,ok,
reproduce,2026-07-18T08:35:31Z,Br8100,dlpfc,real_serial,False,human DLPFC,gate_affine,refiner,2.0,0,1.7637,2.0153,3.6791,4.208,241.63,3502,137.0,0.9534,3.0146,True,0.04,ok,
reproduce,2026-07-18T08:35:31Z,Br8100,dlpfc,real_serial,False,human DLPFC,sutura,aligner,2.0,0,18.9667,18.7645,30.5805,33.3353,2598.5,3502,137.0,0.9534,3.0146,False,0.1,ok,
reproduce,2026-07-18T08:35:31Z,Br8100,dlpfc,real_serial,False,human DLPFC,paste2,aligner,3.0,0,3.046,3.7859,7.284,8.8442,417.31,3502,137.0,0.9534,3.046,True,0.0,ok,
reproduce,2026-07-18T08:35:31Z,Br8100,dlpfc,real_serial,False,human DLPFC,gate_rigid,refiner,3.0,0,2.9867,3.3328,5.9447,6.9448,409.19,3502,137.0,0.9534,3.046,True,0.04,ok,
reproduce,2026-07-18T08:35:31Z,Br8100,dlpfc,real_serial,False,human DLPFC,gate_affine,refiner,3.0,0,2.1578,2.5013,4.6939,5.4544,295.63,3502,137.0,0.9534,3.046,True,0.04,ok,
reproduce,2026-07-18T08:35:31Z,Br8100,dlpfc,real_serial,False,human DLPFC,sutura,aligner,3.0,0,18.9894,18.7734,30.6953,33.3319,2601.61,3502,137.0,0.9534,3.046,False,0.11,ok,
reproduce,2026-07-18T08:35:31Z,Br8100,dlpfc,real_serial,False,human DLPFC,paste2,aligner,4.0,0,3.4261,4.0149,7.9755,9.6228,469.39,3502,137.0,0.9534,3.4261,True,0.0,ok,
reproduce,2026-07-18T08:35:31Z,Br8100,dlpfc,real_serial,False,human DLPFC,gate_rigid,refiner,4.0,0,3.2289,3.741,6.9788,8.4941,442.37,3502,137.0,0.9534,3.4261,True,0.04,ok,
reproduce,2026-07-18T08:35:31Z,Br8100,dlpfc,real_serial,False,human DLPFC,gate_affine,refiner,4.0,0,2.5642,3.012,5.6703,6.8079,351.31,3502,137.0,0.9534,3.4261,True,0.05,ok,
reproduce,2026-07-18T08:35:31Z,Br8100,dlpfc,real_serial,False,human DLPFC,sutura,aligner,4.0,0,18.9748,18.806,30.6117,33.2798,2599.62,3502,137.0,0.9534,3.4261,False,0.09,ok,
reproduce,2026-07-18T08:35:31Z,Br8100,dlpfc,real_serial,False,human DLPFC,paste2,aligner,6.0,0,3.6257,4.5069,9.0737,11.3798,496.73,3502,137.0,0.9534,3.6257,True,0.0,ok,
reproduce,2026-07-18T08:35:31Z,Br8100,dlpfc,real_serial,False,human DLPFC,gate_rigid,refiner,6.0,0,3.588,4.4255,8.8596,11.1658,491.58,3502,137.0,0.9534,3.6257,True,0.03,ok,
reproduce,2026-07-18T08:35:31Z,Br8100,dlpfc,real_serial,False,human DLPFC,gate_affine,refiner,6.0,0,3.2877,3.9402,7.7156,9.5544,450.43,3502,137.0,0.9534,3.6257,True,0.04,ok,
reproduce,2026-07-18T08:35:31Z,Br8100,dlpfc,real_serial,False,human DLPFC,sutura,aligner,6.0,0,18.9522,18.8611,30.669,33.3254,2596.52,3502,137.0,0.9534,3.6257,False,0.09,ok,
reproduce,2026-07-18T08:35:32Z,Br8100,dlpfc,real_serial,False,human DLPFC,paste2,aligner,8.0,0,4.0333,5.0785,10.489,13.1301,552.58,3502,137.0,0.9534,4.0333,True,0.0,ok,
reproduce,2026-07-18T08:35:32Z,Br8100,dlpfc,real_serial,False,human DLPFC,gate_rigid,refiner,8.0,0,4.0029,5.0565,10.3944,13.0882,548.41,3502,137.0,0.9534,4.0333,True,0.04,ok,
reproduce,2026-07-18T08:35:32Z,Br8100,dlpfc,real_serial,False,human DLPFC,gate_affine,refiner,8.0,0,3.8257,4.7298,9.4793,12.2209,524.13,3502,137.0,0.9534,4.0333,True,0.04,ok,
reproduce,2026-07-18T08:35:32Z,Br8100,dlpfc,real_serial,False,human DLPFC,sutura,aligner,8.0,0,18.9832,18.9319,30.6708,33.3911,2600.77,3502,137.0,0.9534,4.0333,False,0.08,ok,
reproduce,2026-07-18T08:35:32Z,Br8100,dlpfc,real_serial,False,human DLPFC,paste2,aligner,0.0,1,2.8366,3.4581,6.6008,7.9454,388.63,3502,137.0,0.9534,2.8366,True,0.0,ok,
reproduce,2026-07-18T08:35:32Z,Br8100,dlpfc,real_serial,False,human DLPFC,gate_rigid,refiner,0.0,1,1.5668,1.659,2.7368,3.0945,214.66,3502,137.0,0.9534,2.8366,True,0.05,ok,
reproduce,2026-07-18T08:35:32Z,Br8100,dlpfc,real_serial,False,human DLPFC,gate_affine,refiner,0.0,1,1.4487,1.5524,2.6399,2.9529,198.47,3502,137.0,0.9534,2.8366,True,0.04,ok,
reproduce,2026-07-18T08:35:32Z,Br8100,dlpfc,real_serial,False,human DLPFC,sutura,aligner,0.0,1,18.9717,18.7581,30.5115,33.355,2599.19,3502,137.0,0.9534,2.8366,False,0.1,ok,
reproduce,2026-07-18T08:35:32Z,Br8100,dlpfc,real_serial,False,human DLPFC,paste2,aligner,1.0,1,2.9433,3.4767,6.6126,7.9078,403.24,3502,137.0,0.9534,2.9433,True,0.0,ok,
reproduce,2026-07-18T08:35:32Z,Br8100,dlpfc,real_serial,False,human DLPFC,gate_rigid,refiner,1.0,1,1.6346,1.6816,2.651,2.9509,223.95,3502,137.0,0.9534,2.9433,True,0.03,ok,
reproduce,2026-07-18T08:35:32Z,Br8100,dlpfc,real_serial,False,human DLPFC,gate_affine,refiner,1.0,1,1.5318,1.5828,2.6127,2.9429,209.86,3502,137.0,0.9534,2.9433,True,0.05,ok,
reproduce,2026-07-18T08:35:32Z,Br8100,dlpfc,real_serial,False,human DLPFC,sutura,aligner,1.0,1,18.977,18.7713,30.5378,33.4585,2599.91,3502,137.0,0.9534,2.9433,False,0.09,ok,
reproduce,2026-07-18T08:35:32Z,Br8100,dlpfc,real_serial,False,human DLPFC,paste2,aligner,2.0,1,2.939,3.5019,6.9126,8.0365,402.66,3502,137.0,0.9534,2.939,True,0.0,ok,
reproduce,2026-07-18T08:35:32Z,Br8100,dlpfc,real_serial,False,human DLPFC,gate_rigid,refiner,2.0,1,2.124,2.2163,3.5994,4.0712,291.0,3502,137.0,0.9534,2.939,True,0.04,ok,
reproduce,2026-07-18T08:35:32Z,Br8100,dlpfc,real_serial,False,human DLPFC,gate_affine,refiner,2.0,1,1.9249,1.9829,3.2833,3.6787,263.72,3502,137.0,0.9534,2.939,True,0.04,ok,
reproduce,2026-07-18T08:35:33Z,Br8100,dlpfc,real_serial,False,human DLPFC,sutura,aligner,2.0,1,18.9801,18.7443,30.5426,33.4475,2600.35,3502,137.0,0.9534,2.939,False,0.09,ok,
reproduce,2026-07-18T08:35:33Z,Br8100,dlpfc,real_serial,False,human DLPFC,paste2,aligner,3.0,1,3.0107,3.5848,7.028,8.2049,412.48,3502,137.0,0.9534,3.0107,True,0.0,ok,
reproduce,2026-07-18T08:35:33Z,Br8100,dlpfc,real_serial,False,human DLPFC,gate_rigid,refiner,3.0,1,2.5807,2.7341,4.6067,5.2592,353.57,3502,137.0,0.9534,3.0107,True,0.04,ok,
reproduce,2026-07-18T08:35:33Z,Br8100,dlpfc,real_serial,False,human DLPFC,gate_affine,refiner,3.0,1,2.2634,2.4268,4.0817,4.6199,310.1,3502,137.0,0.9534,3.0107,True,0.04,ok,
reproduce,2026-07-18T08:35:33Z,Br8100,dlpfc,real_serial,False,human DLPFC,sutura,aligner,3.0,1,18.938,18.7372,30.5383,33.4483,2594.57,3502,137.0,0.9534,3.0107,False,0.09,ok,
reproduce,2026-07-18T08:35:33Z,Br8100,dlpfc,real_serial,False,human DLPFC,paste2,aligner,4.0,1,3.0258,3.6885,7.116,8.613,414.54,3502,137.0,0.9534,3.0258,True,0.0,ok,
reproduce,2026-07-18T08:35:33Z,Br8100,dlpfc,real_serial,False,human DLPFC,gate_rigid,refiner,4.0,1,2.8643,3.1584,5.5668,6.3609,392.42,3502,137.0,0.9534,3.0258,True,0.03,ok,
reproduce,2026-07-18T08:35:33Z,Br8100,dlpfc,real_serial,False,human DLPFC,gate_affine,refiner,4.0,1,2.5739,2.8504,4.9259,5.6109,352.63,3502,137.0,0.9534,3.0258,True,0.03,ok,
reproduce,2026-07-18T08:35:33Z,Br8100,dlpfc,real_serial,False,human DLPFC,sutura,aligner,4.0,1,18.9587,18.7392,30.5948,33.4591,2597.41,3502,137.0,0.9534,3.0258,False,0.1,ok,
reproduce,2026-07-18T08:35:34Z,Br8100,dlpfc,real_serial,False,human DLPFC,paste2,aligner,6.0,1,3.3794,4.0018,7.8885,9.5858,462.99,3502,137.0,0.9534,3.3794,True,0.0,ok,
reproduce,2026-07-18T08:35:34Z,Br8100,dlpfc,real_serial,False,human DLPFC,gate_rigid,refiner,6.0,1,3.1482,3.7504,7.1253,8.5508,431.31,3502,137.0,0.9534,3.3794,True,0.06,ok,
reproduce,2026-07-18T08:35:34Z,Br8100,dlpfc,real_serial,False,human DLPFC,gate_affine,refiner,6.0,1,3.0345,3.54,6.4602,7.839,415.74,3502,137.0,0.9534,3.3794,True,0.03,ok,
reproduce,2026-07-18T08:35:34Z,Br8100,dlpfc,real_serial,False,human DLPFC,sutura,aligner,6.0,1,18.9287,18.7639,30.696,33.4407,2593.3,3502,137.0,0.9534,3.3794,False,0.09,ok,
reproduce,2026-07-18T08:35:34Z,Br8100,dlpfc,real_serial,False,human DLPFC,paste2,aligner,8.0,1,3.5118,4.4017,8.7445,10.9317,481.13,3502,137.0,0.9534,3.5118,True,0.0,ok,
reproduce,2026-07-18T08:35:34Z,Br8100,dlpfc,real_serial,False,human DLPFC,gate_rigid,refiner,8.0,1,3.3865,4.2827,8.4813,10.6718,463.97,3502,137.0,0.9534,3.5118,True,0.04,ok,
reproduce,2026-07-18T08:35:34Z,Br8100,dlpfc,real_serial,False,human DLPFC,gate_affine,refiner,8.0,1,3.2949,4.1086,7.9503,9.7889,451.41,3502,137.0,0.9534,3.5118,True,0.04,ok,
reproduce,2026-07-18T08:35:34Z,Br8100,dlpfc,real_serial,False,human DLPFC,sutura,aligner,8.0,1,18.9295,18.7492,30.6757,33.4135,2593.41,3502,137.0,0.9534,3.5118,False,0.11,ok,
reproduce,2026-07-18T08:35:34Z,Br8100,dlpfc,real_serial,False,human DLPFC,paste2,aligner,0.0,2,2.8265,3.4485,6.5927,7.8895,387.24,3502,137.0,0.9534,2.8265,True,0.0,ok,
reproduce,2026-07-18T08:35:34Z,Br8100,dlpfc,real_serial,False,human DLPFC,gate_rigid,refiner,0.0,2,1.5439,1.6959,2.986,3.3807,211.52,3502,137.0,0.9534,2.8265,True,0.03,ok,
reproduce,2026-07-18T08:35:34Z,Br8100,dlpfc,real_serial,False,human DLPFC,gate_affine,refiner,0.0,2,1.3782,1.547,2.8808,3.3344,188.82,3502,137.0,0.9534,2.8265,True,0.03,ok,
reproduce,2026-07-18T08:35:34Z,Br8100,dlpfc,real_serial,False,human DLPFC,sutura,aligner,0.0,2,18.9231,18.7676,30.6895,33.3575,2592.54,3502,137.0,0.9534,2.8265,False,0.1,ok,
reproduce,2026-07-18T08:35:34Z,Br8100,dlpfc,real_serial,False,human DLPFC,paste2,aligner,1.0,2,2.885,3.4741,6.611,7.9787,395.26,3502,137.0,0.9534,2.885,True,0.0,ok,
reproduce,2026-07-18T08:35:34Z,Br8100,dlpfc,real_serial,False,human DLPFC,gate_rigid,refiner,1.0,2,1.7367,1.8263,3.0746,3.447,237.93,3502,137.0,0.9534,2.885,True,0.03,ok,
reproduce,2026-07-18T08:35:35Z,Br8100,dlpfc,real_serial,False,human DLPFC,gate_affine,refiner,1.0,2,1.4291,1.5709,2.8223,3.2272,195.8,3502,137.0,0.9534,2.885,True,0.03,ok,
reproduce,2026-07-18T08:35:35Z,Br8100,dlpfc,real_serial,False,human DLPFC,sutura,aligner,1.0,2,18.918,18.7646,30.655,33.3877,2591.84,3502,137.0,0.9534,2.885,False,0.09,ok,
reproduce,2026-07-18T08:35:42Z,Br8100,dlpfc,real_serial,False,human DLPFC,paste2,aligner,2.0,2,3.0037,3.5506,6.9724,8.2477,411.52,3502,137.0,0.9534,3.0037,True,0.0,ok,
reproduce,2026-07-18T08:35:42Z,Br8100,dlpfc,real_serial,False,human DLPFC,gate_rigid,refiner,2.0,2,2.4399,2.5462,4.1997,4.7243,334.28,3502,137.0,0.9534,3.0037,True,0.05,ok,
reproduce,2026-07-18T08:35:42Z,Br8100,dlpfc,real_serial,False,human DLPFC,gate_affine,refiner,2.0,2,1.7193,1.9297,3.5983,4.0662,235.55,3502,137.0,0.9534,3.0037,True,0.04,ok,
reproduce,2026-07-18T08:35:42Z,Br8100,dlpfc,real_serial,False,human DLPFC,sutura,aligner,2.0,2,18.9176,18.7679,30.6278,33.3587,2591.79,3502,137.0,0.9534,3.0037,False,0.1,ok,
reproduce,2026-07-18T08:35:42Z,Br8100,dlpfc,real_serial,False,human DLPFC,paste2,aligner,3.0,2,3.0258,3.7109,7.246,8.852,414.54,3502,137.0,0.9534,3.0258,True,0.0,ok,
reproduce,2026-07-18T08:35:43Z,Br8100,dlpfc,real_serial,False,human DLPFC,gate_rigid,refiner,3.0,2,2.8609,3.1385,5.3905,6.2482,391.95,3502,137.0,0.9534,3.0258,True,0.04,ok,
reproduce,2026-07-18T08:35:43Z,Br8100,dlpfc,real_serial,False,human DLPFC,gate_affine,refiner,3.0,2,2.1962,2.4402,4.5256,5.154,300.89,3502,137.0,0.9534,3.0258,True,0.04,ok,
reproduce,2026-07-18T08:35:43Z,Br8100,dlpfc,real_serial,False,human DLPFC,sutura,aligner,3.0,2,18.8619,18.7531,30.5792,33.4125,2584.15,3502,137.0,0.9534,3.0258,False,0.09,ok,
reproduce,2026-07-18T08:35:43Z,Br8100,dlpfc,real_serial,False,human DLPFC,paste2,aligner,4.0,2,3.3444,3.8806,7.5912,9.4131,458.2,3502,137.0,0.9534,3.3444,True,0.0,ok,
reproduce,2026-07-18T08:35:43Z,Br8100,dlpfc,real_serial,False,human DLPFC,gate_rigid,refiner,4.0,2,3.0644,3.5393,6.4435,7.7235,419.83,3502,137.0,0.9534,3.3444,True,0.05,ok,
reproduce,2026-07-18T08:35:43Z,Br8100,dlpfc,real_serial,False,human DLPFC,gate_affine,refiner,4.0,2,2.6691,2.9404,5.432,6.1389,365.68,3502,137.0,0.9534,3.3444,True,0.04,ok,
reproduce,2026-07-18T08:35:43Z,Br8100,dlpfc,real_serial,False,human DLPFC,sutura,aligner,4.0,2,18.8464,18.763,30.6297,33.4737,2582.03,3502,137.0,0.9534,3.3444,False,0.09,ok,
reproduce,2026-07-18T08:35:43Z,Br8100,dlpfc,real_serial,False,human DLPFC,paste2,aligner,6.0,2,3.6257,4.3932,8.7109,10.8892,496.73,3502,137.0,0.9534,3.6257,True,0.0,ok,
reproduce,2026-07-18T08:35:43Z,Br8100,dlpfc,real_serial,False,human DLPFC,gate_rigid,refiner,6.0,2,3.5173,4.2704,8.3159,10.285,481.88,3502,137.0,0.9534,3.6257,True,0.05,ok,
reproduce,2026-07-18T08:35:43Z,Br8100,dlpfc,real_serial,False,human DLPFC,gate_affine,refiner,6.0,2,3.4163,3.8697,7.2033,8.4705,468.05,3502,137.0,0.9534,3.6257,True,0.04,ok,
reproduce,2026-07-18T08:35:43Z,Br8100,dlpfc,real_serial,False,human DLPFC,sutura,aligner,6.0,2,19.0459,18.9211,30.6485,33.4142,2609.35,3502,137.0,0.9534,3.6257,False,0.09,ok,
reproduce,2026-07-18T08:35:43Z,Br8100,dlpfc,real_serial,False,human DLPFC,paste2,aligner,8.0,2,4.0335,4.9691,9.7341,12.5187,552.6,3502,137.0,0.9534,4.0335,True,0.0,ok,
reproduce,2026-07-18T08:35:43Z,Br8100,dlpfc,real_serial,False,human DLPFC,gate_rigid,refiner,8.0,2,4.05,4.9324,9.7169,12.3136,554.86,3502,137.0,0.9534,4.0335,False,0.05,ok,
reproduce,2026-07-18T08:35:43Z,Br8100,dlpfc,real_serial,False,human DLPFC,gate_affine,refiner,8.0,2,3.9201,4.6537,8.9386,10.8081,537.07,3502,137.0,0.9534,4.0335,True,0.05,ok,
reproduce,2026-07-18T08:35:43Z,Br8100,dlpfc,real_serial,False,human DLPFC,sutura,aligner,8.0,2,19.5295,19.1021,30.7133,33.4462,2675.61,3502,137.0,0.9534,4.0335,False,0.1,ok,
reproduce,2026-07-18T08:35:55Z,breast,ood,real_serial,False,human breast cancer,paste2,aligner,0.0,0,3.4699,3.916,6.9324,8.6972,947.28,3615,273.0,0.9067,3.4699,True,0.0,ok,
reproduce,2026-07-18T08:35:55Z,breast,ood,real_serial,False,human breast cancer,gate_rigid,refiner,0.0,0,2.2213,2.3255,4.0793,4.42,606.4,3615,273.0,0.9067,3.4699,True,0.04,ok,
reproduce,2026-07-18T08:35:55Z,breast,ood,real_serial,False,human breast cancer,gate_affine,refiner,0.0,0,2.3563,2.4211,3.5143,3.8592,643.28,3615,273.0,0.9067,3.4699,True,0.04,ok,
reproduce,2026-07-18T08:35:56Z,breast,ood,real_serial,False,human breast cancer,sutura,aligner,0.0,0,20.1047,20.1094,31.9853,36.2536,5488.59,3615,273.0,0.9067,3.4699,False,0.12,ok,
reproduce,2026-07-18T08:35:56Z,breast,ood,real_serial,False,human breast cancer,paste2,aligner,2.0,0,3.4902,4.0252,7.0255,8.9841,952.84,3615,273.0,0.9067,3.4902,True,0.0,ok,
reproduce,2026-07-18T08:35:56Z,breast,ood,real_serial,False,human breast cancer,gate_rigid,refiner,2.0,0,2.8721,3.0796,5.457,5.9826,784.09,3615,273.0,0.9067,3.4902,True,0.04,ok,
reproduce,2026-07-18T08:35:56Z,breast,ood,real_serial,False,human breast cancer,gate_affine,refiner,2.0,0,2.6864,2.7352,4.3201,4.8629,733.39,3615,273.0,0.9067,3.4902,True,0.05,ok,
reproduce,2026-07-18T08:35:56Z,breast,ood,real_serial,False,human breast cancer,sutura,aligner,2.0,0,20.0537,20.0806,32.0528,36.1752,5474.66,3615,273.0,0.9067,3.4902,False,0.11,ok,
reproduce,2026-07-18T08:35:56Z,breast,ood,real_serial,False,human breast cancer,paste2,aligner,4.0,0,3.6139,4.2732,7.8333,9.8828,986.6,3615,273.0,0.9067,3.6139,True,0.0,ok,
reproduce,2026-07-18T08:35:56Z,breast,ood,real_serial,False,human breast cancer,gate_rigid,refiner,4.0,0,3.4362,3.9184,7.0429,8.3866,938.09,3615,273.0,0.9067,3.6139,True,0.04,ok,
reproduce,2026-07-18T08:35:56Z,breast,ood,real_serial,False,human breast cancer,gate_affine,refiner,4.0,0,3.2303,3.475,5.931,6.8948,881.88,3615,273.0,0.9067,3.6139,True,0.04,ok,
reproduce,2026-07-18T08:35:56Z,breast,ood,real_serial,False,human breast cancer,sutura,aligner,4.0,0,20.1551,20.062,32.018,36.1826,5502.34,3615,273.0,0.9067,3.6139,False,0.1,ok,
reproduce,2026-07-18T08:35:56Z,breast,ood,real_serial,False,human breast cancer,paste2,aligner,6.0,0,3.6958,4.5672,8.6056,10.5771,1008.95,3615,273.0,0.9067,3.6958,True,0.0,ok,
reproduce,2026-07-18T08:35:56Z,breast,ood,real_serial,False,human breast cancer,gate_rigid,refiner,6.0,0,3.7596,4.4839,8.4034,10.2565,1026.37,3615,273.0,0.9067,3.6958,False,0.04,ok,
reproduce,2026-07-18T08:35:56Z,breast,ood,real_serial,False,human breast cancer,gate_affine,refiner,6.0,0,3.7347,4.2017,7.2529,8.7203,1019.58,3615,273.0,0.9067,3.6958,False,0.04,ok,
reproduce,2026-07-18T08:35:56Z,breast,ood,real_serial,False,human breast cancer,sutura,aligner,6.0,0,20.0399,20.0089,32.0367,36.2553,5470.88,3615,273.0,0.9067,3.6958,False,0.1,ok,
reproduce,2026-07-18T08:35:57Z,breast,ood,real_serial,False,human breast cancer,paste2,aligner,8.0,0,3.9908,4.8629,9.2045,11.5772,1089.48,3615,273.0,0.9067,3.9908,True,0.0,ok,
reproduce,2026-07-18T08:35:57Z,breast,ood,real_serial,False,human breast cancer,gate_rigid,refiner,8.0,0,3.9327,4.8463,9.1912,11.4989,1073.64,3615,273.0,0.9067,3.9908,True,0.04,ok,
reproduce,2026-07-18T08:35:57Z,breast,ood,real_serial,False,human breast cancer,gate_affine,refiner,8.0,0,4.1121,4.719,8.3527,10.4539,1122.59,3615,273.0,0.9067,3.9908,False,0.04,ok,
reproduce,2026-07-18T08:35:57Z,breast,ood,real_serial,False,human breast cancer,sutura,aligner,8.0,0,20.1757,20.1534,32.0393,36.2372,5507.96,3615,273.0,0.9067,3.9908,False,0.11,ok,
reproduce,2026-07-18T08:35:57Z,breast,ood,real_serial,False,human breast cancer,paste2,aligner,0.0,1,3.477,3.9059,6.8663,8.6839,949.22,3615,273.0,0.9067,3.477,True,0.0,ok,
reproduce,2026-07-18T08:35:57Z,breast,ood,real_serial,False,human breast cancer,gate_rigid,refiner,0.0,1,2.3827,2.4268,3.7985,4.1705,650.48,3615,273.0,0.9067,3.477,True,0.05,ok,
reproduce,2026-07-18T08:35:57Z,breast,ood,real_serial,False,human breast cancer,gate_affine,refiner,0.0,1,2.4246,2.4535,3.4622,3.7628,661.9,3615,273.0,0.9067,3.477,True,0.05,ok,
reproduce,2026-07-18T08:35:57Z,breast,ood,real_serial,False,human breast cancer,sutura,aligner,0.0,1,20.0524,20.1097,31.9689,36.2164,5474.32,3615,273.0,0.9067,3.477,False,0.11,ok,
reproduce,2026-07-18T08:35:57Z,breast,ood,real_serial,False,human breast cancer,paste2,aligner,2.0,1,3.4799,3.9404,6.9382,8.6853,950.0,3615,273.0,0.9067,3.4799,True,0.0,ok,
reproduce,2026-07-18T08:35:57Z,breast,ood,real_serial,False,human breast cancer,gate_rigid,refiner,2.0,1,2.8436,2.8888,4.2903,4.8386,776.3,3615,273.0,0.9067,3.4799,True,0.04,ok,
reproduce,2026-07-18T08:35:57Z,breast,ood,real_serial,False,human breast cancer,gate_affine,refiner,2.0,1,2.8009,2.7809,3.841,4.2546,764.66,3615,273.0,0.9067,3.4799,True,0.04,ok,
reproduce,2026-07-18T08:35:57Z,breast,ood,real_serial,False,human breast cancer,sutura,aligner,2.0,1,20.0342,20.0964,31.9417,36.1042,5469.35,3615,273.0,0.9067,3.4799,False,0.12,ok,
reproduce,2026-07-18T08:35:58Z,breast,ood,real_serial,False,human breast cancer,paste2,aligner,4.0,1,3.4933,4.056,7.1935,9.193,953.68,3615,273.0,0.9067,3.4933,True,0.0,ok,
reproduce,2026-07-18T08:35:58Z,breast,ood,real_serial,False,human breast cancer,gate_rigid,refiner,4.0,1,3.4439,3.6678,5.9137,7.0248,940.18,3615,273.0,0.9067,3.4933,True,0.05,ok,
reproduce,2026-07-18T08:35:58Z,breast,ood,real_serial,False,human breast cancer,gate_affine,refiner,4.0,1,3.4344,3.5462,5.443,6.2636,937.58,3615,273.0,0.9067,3.4933,True,0.1,ok,
reproduce,2026-07-18T08:35:58Z,breast,ood,real_serial,False,human breast cancer,sutura,aligner,4.0,1,20.1001,20.1258,31.9474,36.1005,5487.32,3615,273.0,0.9067,3.4933,False,0.2,ok,
reproduce,2026-07-18T08:35:58Z,breast,ood,real_serial,False,human breast cancer,paste2,aligner,6.0,1,3.6139,4.2727,7.8527,9.8736,986.6,3615,273.0,0.9067,3.6139,True,0.0,ok,
reproduce,2026-07-18T08:35:58Z,breast,ood,real_serial,False,human breast cancer,gate_rigid,refiner,6.0,1,3.5345,4.0641,7.3548,9.0624,964.92,3615,273.0,0.9067,3.6139,True,0.05,ok,
reproduce,2026-07-18T08:35:58Z,breast,ood,real_serial,False,human breast cancer,gate_affine,refiner,6.0,1,3.7236,4.0694,6.879,8.2244,1016.55,3615,273.0,0.9067,3.6139,False,0.04,ok,
reproduce,2026-07-18T08:35:58Z,breast,ood,real_serial,False,human breast cancer,sutura,aligner,6.0,1,20.0633,20.1167,31.9255,36.1036,5477.27,3615,273.0,0.9067,3.6139,False,0.13,ok,
reproduce,2026-07-18T08:35:58Z,breast,ood,real_serial,False,human breast cancer,paste2,aligner,8.0,1,3.6222,4.6646,8.8211,11.4418,988.86,3615,273.0,0.9067,3.6222,True,0.0,ok,
reproduce,2026-07-18T08:35:58Z,breast,ood,real_serial,False,human breast cancer,gate_rigid,refiner,8.0,1,3.6862,4.5595,8.7096,11.0624,1006.33,3615,273.0,0.9067,3.6222,False,0.06,ok,
reproduce,2026-07-18T08:35:58Z,breast,ood,real_serial,False,human breast cancer,gate_affine,refiner,8.0,1,3.7954,4.4973,8.4024,10.4956,1036.14,3615,273.0,0.9067,3.6222,False,0.04,ok,
reproduce,2026-07-18T08:35:59Z,breast,ood,real_serial,False,human breast cancer,sutura,aligner,8.0,1,20.0796,20.1194,31.9914,36.1057,5481.73,3615,273.0,0.9067,3.6222,False,0.12,ok,
reproduce,2026-07-18T08:35:59Z,breast,ood,real_serial,False,human breast cancer,paste2,aligner,0.0,2,3.4717,3.923,6.844,8.6063,947.78,3615,273.0,0.9067,3.4717,True,0.0,ok,
reproduce,2026-07-18T08:35:59Z,breast,ood,real_serial,False,human breast cancer,gate_rigid,refiner,0.0,2,2.3264,2.4923,3.9775,4.3523,635.11,3615,273.0,0.9067,3.4717,True,0.04,ok,
reproduce,2026-07-18T08:35:59Z,breast,ood,real_serial,False,human breast cancer,gate_affine,refiner,0.0,2,2.2652,2.3751,3.7801,4.1678,618.41,3615,273.0,0.9067,3.4717,True,0.04,ok,
reproduce,2026-07-18T08:35:59Z,breast,ood,real_serial,False,human breast cancer,sutura,aligner,0.0,2,20.1047,20.12,32.0088,36.2666,5488.59,3615,273.0,0.9067,3.4717,False,0.11,ok,
reproduce,2026-07-18T08:35:59Z,breast,ood,real_serial,False,human breast cancer,paste2,aligner,2.0,2,3.5608,4.111,7.2415,9.5458,972.09,3615,273.0,0.9067,3.5608,True,0.0,ok,
reproduce,2026-07-18T08:35:59Z,breast,ood,real_serial,False,human breast cancer,gate_rigid,refiner,2.0,2,3.0855,3.1162,4.9037,5.465,842.33,3615,273.0,0.9067,3.5608,True,0.05,ok,
reproduce,2026-07-18T08:35:59Z,breast,ood,real_serial,False,human breast cancer,gate_affine,refiner,2.0,2,2.381,2.5667,4.5674,4.9806,650.01,3615,273.0,0.9067,3.5608,True,0.03,ok,
reproduce,2026-07-18T08:35:59Z,breast,ood,real_serial,False,human breast cancer,sutura,aligner,2.0,2,20.0082,20.0962,32.0344,36.1796,5462.23,3615,273.0,0.9067,3.5608,False,0.1,ok,
reproduce,2026-07-18T08:35:59Z,breast,ood,real_serial,False,human breast cancer,paste2,aligner,4.0,2,3.6222,4.5247,8.3883,10.5401,988.86,3615,273.0,0.9067,3.6222,True,0.0,ok,
reproduce,2026-07-18T08:35:59Z,breast,ood,real_serial,False,human breast cancer,gate_rigid,refiner,4.0,2,3.7979,4.1319,6.8941,8.2152,1036.83,3615,273.0,0.9067,3.6222,False,0.04,ok,
reproduce,2026-07-18T08:35:59Z,breast,ood,real_serial,False,human breast cancer,gate_affine,refiner,4.0,2,3.0029,3.3746,6.2593,6.9241,819.79,3615,273.0,0.9067,3.6222,True,0.04,ok,
reproduce,2026-07-18T08:36:00Z,breast,ood,real_serial,False,human breast cancer,sutura,aligner,4.0,2,19.9386,20.0758,32.0249,36.177,5443.23,3615,273.0,0.9067,3.6222,False,0.1,ok,
reproduce,2026-07-18T08:36:00Z,breast,ood,real_serial,False,human breast cancer,paste2,aligner,6.0,2,4.0164,5.0855,9.9172,12.2491,1096.47,3615,273.0,0.9067,4.0164,True,0.0,ok,
reproduce,2026-07-18T08:36:00Z,breast,ood,real_serial,False,human breast cancer,gate_rigid,refiner,6.0,2,4.0496,4.9248,9.4485,11.5881,1105.53,3615,273.0,0.9067,4.0164,False,0.04,ok,
reproduce,2026-07-18T08:36:00Z,breast,ood,real_serial,False,human breast cancer,gate_affine,refiner,6.0,2,3.7506,4.3099,7.9997,9.2119,1023.92,3615,273.0,0.9067,4.0164,True,0.04,ok,
reproduce,2026-07-18T08:36:00Z,breast,ood,real_serial,False,human breast cancer,sutura,aligner,6.0,2,19.9876,20.1206,31.9929,36.1952,5456.61,3615,273.0,0.9067,4.0164,False,0.1,ok,
reproduce,2026-07-18T08:36:00Z,breast,ood,real_serial,False,human breast cancer,paste2,aligner,8.0,2,4.4661,5.7504,11.5698,14.5751,1219.25,3615,273.0,0.9067,4.4661,True,0.0,ok,
reproduce,2026-07-18T08:36:00Z,breast,ood,real_serial,False,human breast cancer,gate_rigid,refiner,8.0,2,4.4442,5.6971,11.4641,14.3186,1213.26,3615,273.0,0.9067,4.4661,True,0.04,ok,
reproduce,2026-07-18T08:36:00Z,breast,ood,real_serial,False,human breast cancer,gate_affine,refiner,8.0,2,4.3951,5.2105,10.0497,11.7861,1199.86,3615,273.0,0.9067,4.4661,True,0.03,ok,
reproduce,2026-07-18T08:36:00Z,breast,ood,real_serial,False,human breast cancer,sutura,aligner,8.0,2,20.1513,20.207,31.9994,36.197,5501.31,3615,273.0,0.9067,4.4661,False,0.1,ok,
reproduce,2026-07-18T08:36:08Z,mousebrain,ood,real_serial,False,mouse brain,paste2,aligner,0.0,0,5.3892,5.7194,8.0497,9.4567,738.33,2951,137.0,0.8972,5.3892,True,0.0,ok,
reproduce,2026-07-18T08:36:08Z,mousebrain,ood,real_serial,False,mouse brain,gate_rigid,refiner,0.0,0,4.8853,4.9759,6.25,6.6373,669.28,2951,137.0,0.8972,5.3892,True,0.03,ok,
reproduce,2026-07-18T08:36:08Z,mousebrain,ood,real_serial,False,mouse brain,gate_affine,refiner,0.0,0,4.981,5.0384,6.1798,6.4474,682.39,2951,137.0,0.8972,5.3892,True,0.03,ok,
reproduce,2026-07-18T08:36:08Z,mousebrain,ood,real_serial,False,mouse brain,sutura,aligner,0.0,0,14.8144,15.6275,25.5255,29.057,2029.57,2951,137.0,0.8972,5.3892,False,0.09,ok,
reproduce,2026-07-18T08:36:08Z,mousebrain,ood,real_serial,False,mouse brain,paste2,aligner,2.0,0,5.3928,5.7299,8.1016,9.543,738.81,2951,137.0,0.8972,5.3928,True,0.0,ok,
reproduce,2026-07-18T08:36:08Z,mousebrain,ood,real_serial,False,mouse brain,gate_rigid,refiner,2.0,0,4.9973,4.9768,7.1007,7.8126,684.63,2951,137.0,0.8972,5.3928,True,0.03,ok,
reproduce,2026-07-18T08:36:08Z,mousebrain,ood,real_serial,False,mouse brain,gate_affine,refiner,2.0,0,4.8983,5.0033,6.8995,7.3587,671.07,2951,137.0,0.8972,5.3928,True,0.03,ok,
reproduce,2026-07-18T08:36:08Z,mousebrain,ood,real_serial,False,mouse brain,sutura,aligner,2.0,0,14.843,15.6302,25.5549,29.0714,2033.48,2951,137.0,0.8972,5.3928,False,0.08,ok,
reproduce,2026-07-18T08:36:08Z,mousebrain,ood,real_serial,False,mouse brain,paste2,aligner,4.0,0,5.4349,5.8192,8.4481,10.1004,744.58,2951,137.0,0.8972,5.4349,True,0.0,ok,
reproduce,2026-07-18T08:36:08Z,mousebrain,ood,real_serial,False,mouse brain,gate_rigid,refiner,4.0,0,5.075,5.3339,7.8855,8.8841,695.28,2951,137.0,0.8972,5.4349,True,0.03,ok,
reproduce,2026-07-18T08:36:08Z,mousebrain,ood,real_serial,False,mouse brain,gate_affine,refiner,4.0,0,4.8408,5.0386,8.1533,8.981,663.19,2951,137.0,0.8972,5.4349,True,0.03,ok,
reproduce,2026-07-18T08:36:08Z,mousebrain,ood,real_serial,False,mouse brain,sutura,aligner,4.0,0,14.8649,15.6221,25.5599,29.0651,2036.49,2951,137.0,0.8972,5.4349,False,0.08,ok,
reproduce,2026-07-18T08:36:09Z,mousebrain,ood,real_serial,False,mouse brain,paste2,aligner,6.0,0,5.532,5.897,8.6938,10.4666,757.88,2951,137.0,0.8972,5.532,True,0.0,ok,
reproduce,2026-07-18T08:36:09Z,mousebrain,ood,real_serial,False,mouse brain,gate_rigid,refiner,6.0,0,5.3908,5.7033,8.2766,9.9481,738.54,2951,137.0,0.8972,5.532,True,0.03,ok,
reproduce,2026-07-18T08:36:09Z,mousebrain,ood,real_serial,False,mouse brain,gate_affine,refiner,6.0,0,4.846,5.2085,8.8157,9.9028,663.9,2951,137.0,0.8972,5.532,True,0.03,ok,
reproduce,2026-07-18T08:36:09Z,mousebrain,ood,real_serial,False,mouse brain,sutura,aligner,6.0,0,14.989,15.7041,25.576,29.0642,2053.49,2951,137.0,0.8972,5.532,False,0.1,ok,
reproduce,2026-07-18T08:36:09Z,mousebrain,ood,real_serial,False,mouse brain,paste2,aligner,8.0,0,5.5869,6.0268,8.9401,10.7996,765.4,2951,137.0,0.8972,5.5869,True,0.0,ok,
reproduce,2026-07-18T08:36:09Z,mousebrain,ood,real_serial,False,mouse brain,gate_rigid,refiner,8.0,0,5.5683,5.9502,8.8245,10.6729,762.86,2951,137.0,0.8972,5.5869,True,0.03,ok,
reproduce,2026-07-18T08:36:09Z,mousebrain,ood,real_serial,False,mouse brain,gate_affine,refiner,8.0,0,5.0296,5.4367,9.1468,10.2996,689.05,2951,137.0,0.8972,5.5869,True,0.03,ok,
reproduce,2026-07-18T08:36:09Z,mousebrain,ood,real_serial,False,mouse brain,sutura,aligner,8.0,0,14.9885,15.8522,25.5625,29.0662,2053.42,2951,137.0,0.8972,5.5869,False,0.08,ok,
reproduce,2026-07-18T08:36:09Z,mousebrain,ood,real_serial,False,mouse brain,paste2,aligner,0.0,1,5.3914,5.7178,8.0252,9.2154,738.62,2951,137.0,0.8972,5.3914,True,0.0,ok,
reproduce,2026-07-18T08:36:09Z,mousebrain,ood,real_serial,False,mouse brain,gate_rigid,refiner,0.0,1,4.8085,4.9825,6.4799,6.8262,658.77,2951,137.0,0.8972,5.3914,True,0.04,ok,
reproduce,2026-07-18T08:36:09Z,mousebrain,ood,real_serial,False,mouse brain,gate_affine,refiner,0.0,1,5.0837,5.1038,6.0134,6.1974,696.46,2951,137.0,0.8972,5.3914,True,0.04,ok,
reproduce,2026-07-18T08:36:09Z,mousebrain,ood,real_serial,False,mouse brain,sutura,aligner,0.0,1,14.8062,15.6543,25.5754,29.067,2028.45,2951,137.0,0.8972,5.3914,False,0.1,ok,
reproduce,2026-07-18T08:36:09Z,mousebrain,ood,real_serial,False,mouse brain,paste2,aligner,2.0,1,5.4416,5.7478,8.0733,9.4272,745.5,2951,137.0,0.8972,5.4416,True,0.0,ok,
reproduce,2026-07-18T08:36:09Z,mousebrain,ood,real_serial,False,mouse brain,gate_rigid,refiner,2.0,1,4.692,5.0994,7.4508,7.8816,642.8,2951,137.0,0.8972,5.4416,True,0.03,ok,
reproduce,2026-07-18T08:36:09Z,mousebrain,ood,real_serial,False,mouse brain,gate_affine,refiner,2.0,1,5.0995,5.2291,6.8256,7.1186,698.63,2951,137.0,0.8972,5.4416,True,0.04,ok,
reproduce,2026-07-18T08:36:09Z,mousebrain,ood,real_serial,False,mouse brain,sutura,aligner,2.0,1,14.7995,15.644,25.4947,29.0458,2027.54,2951,137.0,0.8972,5.4416,False,0.1,ok,
reproduce,2026-07-18T08:36:10Z,mousebrain,ood,real_serial,False,mouse brain,paste2,aligner,4.0,1,5.5837,5.9013,8.4823,9.8843,764.96,2951,137.0,0.8972,5.5837,True,0.0,ok,
reproduce,2026-07-18T08:36:10Z,mousebrain,ood,real_serial,False,mouse brain,gate_rigid,refiner,4.0,1,4.97,5.4735,8.4233,9.0111,680.89,2951,137.0,0.8972,5.5837,True,0.03,ok,
reproduce,2026-07-18T08:36:10Z,mousebrain,ood,real_serial,False,mouse brain,gate_affine,refiner,4.0,1,5.2865,5.6213,8.198,8.7255,724.26,2951,137.0,0.8972,5.5837,True,0.04,ok,
reproduce,2026-07-18T08:36:10Z,mousebrain,ood,real_serial,False,mouse brain,sutura,aligner,4.0,1,14.8374,15.6368,25.522,29.0277,2032.72,2951,137.0,0.8972,5.5837,False,0.12,ok,
reproduce,2026-07-18T08:36:10Z,mousebrain,ood,real_serial,False,mouse brain,paste2,aligner,6.0,1,5.6145,6.0683,8.8167,10.5744,769.19,2951,137.0,0.8972,5.6145,True,0.0,ok,
reproduce,2026-07-18T08:36:10Z,mousebrain,ood,real_serial,False,mouse brain,gate_rigid,refiner,6.0,1,5.4314,5.8229,8.5917,9.696,744.1,2951,137.0,0.8972,5.6145,True,0.04,ok,
reproduce,2026-07-18T08:36:10Z,mousebrain,ood,real_serial,False,mouse brain,gate_affine,refiner,6.0,1,5.6418,5.9101,8.5148,9.6355,772.93,2951,137.0,0.8972,5.6145,False,0.04,ok,
reproduce,2026-07-18T08:36:10Z,mousebrain,ood,real_serial,False,mouse brain,sutura,aligner,6.0,1,14.8541,15.65,25.5487,29.0271,2035.01,2951,137.0,0.8972,5.6145,False,0.08,ok,
reproduce,2026-07-18T08:36:10Z,mousebrain,ood,real_serial,False,mouse brain,paste2,aligner,8.0,1,5.6478,6.2256,9.2941,11.3814,773.74,2951,137.0,0.8972,5.6478,True,0.0,ok,
reproduce,2026-07-18T08:36:10Z,mousebrain,ood,real_serial,False,mouse brain,gate_rigid,refiner,8.0,1,5.7299,6.1133,9.0556,10.8773,785.0,2951,137.0,0.8972,5.6478,False,0.04,ok,
reproduce,2026-07-18T08:36:10Z,mousebrain,ood,real_serial,False,mouse brain,gate_affine,refiner,8.0,1,5.8061,6.1317,9.0537,10.6643,795.44,2951,137.0,0.8972,5.6478,False,0.04,ok,
reproduce,2026-07-18T08:36:10Z,mousebrain,ood,real_serial,False,mouse brain,sutura,aligner,8.0,1,14.8417,15.6611,25.5167,29.025,2033.31,2951,137.0,0.8972,5.6478,False,0.09,ok,
reproduce,2026-07-18T08:36:10Z,mousebrain,ood,real_serial,False,mouse brain,paste2,aligner,0.0,2,5.4008,5.7147,7.9943,9.3064,739.91,2951,137.0,0.8972,5.4008,True,0.0,ok,
reproduce,2026-07-18T08:36:10Z,mousebrain,ood,real_serial,False,mouse brain,gate_rigid,refiner,0.0,2,5.2177,5.1602,5.948,6.2753,714.83,2951,137.0,0.8972,5.4008,True,0.04,ok,
reproduce,2026-07-18T08:36:10Z,mousebrain,ood,real_serial,False,mouse brain,gate_affine,refiner,0.0,2,5.0988,5.0759,5.8968,6.0883,698.53,2951,137.0,0.8972,5.4008,True,0.04,ok,
reproduce,2026-07-18T08:36:11Z,mousebrain,ood,real_serial,False,mouse brain,sutura,aligner,0.0,2,14.7289,15.6085,25.5115,29.038,2017.86,2951,137.0,0.8972,5.4008,False,0.1,ok,
reproduce,2026-07-18T08:36:11Z,mousebrain,ood,real_serial,False,mouse brain,paste2,aligner,2.0,2,5.4654,5.7654,8.057,9.5485,748.77,2951,137.0,0.8972,5.4654,True,0.0,ok,
reproduce,2026-07-18T08:36:11Z,mousebrain,ood,real_serial,False,mouse brain,gate_rigid,refiner,2.0,2,5.7164,5.5161,7.2448,8.1377,783.15,2951,137.0,0.8972,5.4654,False,0.04,ok,
reproduce,2026-07-18T08:36:11Z,mousebrain,ood,real_serial,False,mouse brain,gate_affine,refiner,2.0,2,5.1615,5.1956,6.6604,7.028,707.13,2951,137.0,0.8972,5.4654,True,0.04,ok,
reproduce,2026-07-18T08:36:11Z,mousebrain,ood,real_serial,False,mouse brain,sutura,aligner,2.0,2,14.7037,15.6079,25.5053,29.0181,2014.4,2951,137.0,0.8972,5.4654,False,0.11,ok,
reproduce,2026-07-18T08:36:11Z,mousebrain,ood,real_serial,False,mouse brain,paste2,aligner,4.0,2,5.612,6.0561,8.8776,10.7471,768.84,2951,137.0,0.8972,5.612,True,0.0,ok,
reproduce,2026-07-18T08:36:11Z,mousebrain,ood,real_serial,False,mouse brain,gate_rigid,refiner,4.0,2,5.8583,5.9486,8.8091,9.9241,802.59,2951,137.0,0.8972,5.612,False,0.04,ok,
reproduce,2026-07-18T08:36:11Z,mousebrain,ood,real_serial,False,mouse brain,gate_affine,refiner,4.0,2,5.3475,5.6087,8.0588,8.9169,732.6,2951,137.0,0.8972,5.612,True,0.04,ok,
reproduce,2026-07-18T08:36:11Z,mousebrain,ood,real_serial,False,mouse brain,sutura,aligner,4.0,2,14.8342,15.5986,25.4433,28.8608,2032.29,2951,137.0,0.8972,5.612,False,0.09,ok,
reproduce,2026-07-18T08:36:11Z,mousebrain,ood,real_serial,False,mouse brain,paste2,aligner,6.0,2,6.0134,6.5951,10.831,13.088,823.83,2951,137.0,0.8972,6.0134,True,0.0,ok,
reproduce,2026-07-18T08:36:11Z,mousebrain,ood,real_serial,False,mouse brain,gate_rigid,refiner,6.0,2,5.8329,6.4912,10.466,12.5092,799.11,2951,137.0,0.8972,6.0134,True,0.04,ok,
reproduce,2026-07-18T08:36:11Z,mousebrain,ood,real_serial,False,mouse brain,gate_affine,refiner,6.0,2,5.7509,6.1938,9.4205,11.0144,787.87,2951,137.0,0.8972,6.0134,True,0.04,ok,
reproduce,2026-07-18T08:36:11Z,mousebrain,ood,real_serial,False,mouse brain,sutura,aligner,6.0,2,14.8956,15.5923,25.3343,28.4158,2040.69,2951,137.0,0.8972,6.0134,False,0.08,ok,
reproduce,2026-07-18T08:36:11Z,mousebrain,ood,real_serial,False,mouse brain,paste2,aligner,8.0,2,6.1164,7.1989,12.6424,15.7561,837.95,2951,137.0,0.8972,6.1164,True,0.0,ok,
reproduce,2026-07-18T08:36:11Z,mousebrain,ood,real_serial,False,mouse brain,gate_rigid,refiner,8.0,2,6.0638,7.1612,12.5569,15.5752,830.74,2951,137.0,0.8972,6.1164,True,0.04,ok,
reproduce,2026-07-18T08:36:11Z,mousebrain,ood,real_serial,False,mouse brain,gate_affine,refiner,8.0,2,5.9591,6.9242,11.6715,14.5451,816.4,2951,137.0,0.8972,6.1164,True,0.05,ok,
reproduce,2026-07-18T08:36:12Z,mousebrain,ood,real_serial,False,mouse brain,sutura,aligner,8.0,2,14.9585,15.7004,25.4236,28.4356,2049.32,2951,137.0,0.8972,6.1164,False,0.1,ok,
