phase,dataset,kind,severity,seed,n_target,n_a,n_b,sub_method,solver,config,iter,err_pitch,paste2_err_pitch,beats_paste2,n_scored,pitch,build_s,solve_s,total_s,status,timestamp,detail
B,Br8100,dlpfc,0.0,0,500,500,500,random,emd,paste2,1,7.0685,,,478,137.0,0.27,0.16,0.42,ok,2026-07-18T08:34:01Z,
B,Br8100,dlpfc,0.0,0,500,500,500,random,emd,paste2,2,3.6304,,,478,137.0,0.27,0.29,0.55,ok,2026-07-18T08:34:01Z,
B,Br8100,dlpfc,0.0,0,500,500,500,random,emd,paste2,3,3.6238,,,478,137.0,0.27,0.41,0.68,ok,2026-07-18T08:34:01Z,
B,Br8100,dlpfc,0.0,0,500,500,500,random,emd,paste2,4,3.6238,,,478,137.0,0.27,0.53,0.79,ok,2026-07-18T08:34:01Z,
B,Br8100,dlpfc,0.0,0,500,500,500,random,emd,gated_rigid,final,1.6806,3.6238,True,478,137.0,0.27,0.53,0.8,ok,2026-07-18T08:34:01Z,
B,Br8100,dlpfc,0.0,0,500,500,500,random,emd,gated_affine,final,1.6692,3.6238,True,478,137.0,0.27,0.53,0.8,ok,2026-07-18T08:34:01Z,
B,Br8100,dlpfc,0.0,0,500,500,500,spatial,emd,paste2,1,6.6091,,,462,137.0,0.24,0.14,0.38,ok,2026-07-18T08:34:02Z,
B,Br8100,dlpfc,0.0,0,500,500,500,spatial,emd,paste2,2,3.628,,,462,137.0,0.24,0.25,0.49,ok,2026-07-18T08:34:02Z,
B,Br8100,dlpfc,0.0,0,500,500,500,spatial,emd,paste2,3,3.4816,,,462,137.0,0.24,0.36,0.6,ok,2026-07-18T08:34:02Z,
B,Br8100,dlpfc,0.0,0,500,500,500,spatial,emd,paste2,301,3.4816,,,462,137.0,0.24,0.47,0.71,ok,2026-07-18T08:34:02Z,
B,Br8100,dlpfc,0.0,0,500,500,500,spatial,emd,paste2,301,3.4816,,,462,137.0,0.24,0.47,0.71,ok,2026-07-18T08:34:02Z,
B,Br8100,dlpfc,0.0,0,500,500,500,spatial,emd,gated_rigid,final,1.5719,3.4816,True,462,137.0,0.24,0.48,0.72,ok,2026-07-18T08:34:02Z,
B,Br8100,dlpfc,0.0,0,500,500,500,spatial,emd,gated_affine,final,1.5605,3.4816,True,462,137.0,0.24,0.48,0.72,ok,2026-07-18T08:34:02Z,
B,Br8100,dlpfc,0.0,0,1000,1000,1000,random,emd,paste2,1,7.0356,,,948,137.0,0.45,0.83,1.28,ok,2026-07-18T08:34:03Z,
B,Br8100,dlpfc,0.0,0,1000,1000,1000,random,emd,paste2,2,3.6238,,,948,137.0,0.45,1.44,1.89,ok,2026-07-18T08:34:04Z,
B,Br8100,dlpfc,0.0,0,1000,1000,1000,random,emd,paste2,3,3.4847,,,948,137.0,0.45,2.08,2.53,ok,2026-07-18T08:34:05Z,
B,Br8100,dlpfc,0.0,0,1000,1000,1000,random,emd,paste2,301,3.4847,,,948,137.0,0.45,3.35,3.8,ok,2026-07-18T08:34:06Z,
B,Br8100,dlpfc,0.0,0,1000,1000,1000,random,emd,paste2,301,3.4847,,,948,137.0,0.45,3.35,3.81,ok,2026-07-18T08:34:06Z,
B,Br8100,dlpfc,0.0,0,1000,1000,1000,random,emd,gated_rigid,final,2.2506,3.4847,True,948,137.0,0.45,3.36,3.81,ok,2026-07-18T08:34:06Z,
B,Br8100,dlpfc,0.0,0,1000,1000,1000,random,emd,gated_affine,final,2.1656,3.4847,True,948,137.0,0.45,3.36,3.81,ok,2026-07-18T08:34:06Z,
B,Br8100,dlpfc,0.0,0,1000,1000,1000,spatial,emd,paste2,1,6.613,,,941,137.0,0.45,0.91,1.36,ok,2026-07-18T08:34:08Z,
B,Br8100,dlpfc,0.0,0,1000,1000,1000,spatial,emd,paste2,2,3.0146,,,941,137.0,0.45,1.62,2.07,ok,2026-07-18T08:34:08Z,
B,Br8100,dlpfc,0.0,0,1000,1000,1000,spatial,emd,paste2,3,2.6683,,,941,137.0,0.45,2.34,2.79,ok,2026-07-18T08:34:09Z,
B,Br8100,dlpfc,0.0,0,1000,1000,1000,spatial,emd,paste2,5,2.6656,,,941,137.0,0.45,3.75,4.19,ok,2026-07-18T08:34:10Z,
B,Br8100,dlpfc,0.0,0,1000,1000,1000,spatial,emd,gated_rigid,final,1.786,2.6656,True,941,137.0,0.45,3.76,4.2,ok,2026-07-18T08:34:11Z,
B,Br8100,dlpfc,0.0,0,1000,1000,1000,spatial,emd,gated_affine,final,1.7503,2.6656,True,941,137.0,0.45,3.76,4.2,ok,2026-07-18T08:34:11Z,
B,Br8100,dlpfc,0.0,0,100000,3639,3673,full,emd,paste2,1,5.9941,,,3502,137.0,1.9,36.58,38.48,ok,2026-07-18T08:34:49Z,
B,Br8100,dlpfc,0.0,0,100000,3639,3673,full,emd,paste2,2,3.0266,,,3502,137.0,1.9,70.54,72.44,ok,2026-07-18T08:35:23Z,
B,Br8100,dlpfc,0.0,0,100000,3639,3673,full,emd,paste2,3,2.981,,,3502,137.0,1.9,110.84,112.74,ok,2026-07-18T08:36:04Z,
B,Br8100,dlpfc,0.0,0,100000,3639,3673,full,emd,paste2,5,2.9878,,,3502,137.0,1.9,169.75,171.65,ok,2026-07-18T08:37:03Z,
B,Br8100,dlpfc,0.0,0,100000,3639,3673,full,emd,gated_rigid,final,1.4611,2.9878,True,3502,137.0,1.9,169.86,171.76,ok,2026-07-18T08:37:03Z,
B,Br8100,dlpfc,0.0,0,100000,3639,3673,full,emd,gated_affine,final,1.4363,2.9878,True,3502,137.0,1.9,169.86,171.76,ok,2026-07-18T08:37:03Z,
B,Br8100,dlpfc,4.0,0,500,500,500,random,emd,paste2,1,8.7397,,,478,137.0,0.84,0.24,1.08,ok,2026-07-18T08:37:06Z,
B,Br8100,dlpfc,4.0,0,500,500,500,random,emd,paste2,2,4.3868,,,478,137.0,0.84,0.49,1.34,ok,2026-07-18T08:37:06Z,
B,Br8100,dlpfc,4.0,0,500,500,500,random,emd,paste2,3,4.0397,,,478,137.0,0.84,1.08,1.92,ok,2026-07-18T08:37:06Z,
B,Br8100,dlpfc,4.0,0,500,500,500,random,emd,paste2,5,4.0334,,,478,137.0,0.84,1.47,2.31,ok,2026-07-18T08:37:07Z,
B,Br8100,dlpfc,4.0,0,500,500,500,random,emd,gated_rigid,final,4.0197,4.0334,True,478,137.0,0.84,1.48,2.32,ok,2026-07-18T08:37:07Z,
B,Br8100,dlpfc,4.0,0,500,500,500,random,emd,gated_affine,final,2.9259,4.0334,True,478,137.0,0.84,1.48,2.32,ok,2026-07-18T08:37:07Z,
B,Br8100,dlpfc,4.0,0,500,500,500,spatial,emd,paste2,1,8.6222,,,463,137.0,0.42,0.86,1.28,ok,2026-07-18T08:37:10Z,
B,Br8100,dlpfc,4.0,0,500,500,500,spatial,emd,paste2,2,4.6233,,,463,137.0,0.42,1.23,1.65,ok,2026-07-18T08:37:11Z,
B,Br8100,dlpfc,4.0,0,500,500,500,spatial,emd,paste2,3,4.3914,,,463,137.0,0.42,1.8,2.22,ok,2026-07-18T08:37:11Z,
B,Br8100,dlpfc,4.0,0,500,500,500,spatial,emd,paste2,301,4.3886,,,463,137.0,0.42,2.34,2.76,ok,2026-07-18T08:37:12Z,
B,Br8100,dlpfc,4.0,0,500,500,500,spatial,emd,paste2,301,4.3886,,,463,137.0,0.42,2.34,2.76,ok,2026-07-18T08:37:12Z,
B,Br8100,dlpfc,4.0,0,500,500,500,spatial,emd,gated_rigid,final,4.2951,4.3886,True,463,137.0,0.42,2.35,2.77,ok,2026-07-18T08:37:12Z,
B,Br8100,dlpfc,4.0,0,500,500,500,spatial,emd,gated_affine,final,3.6469,4.3886,True,463,137.0,0.42,2.35,2.77,ok,2026-07-18T08:37:12Z,
B,Br8100,dlpfc,4.0,0,1000,1000,1000,random,emd,paste2,1,7.8606,,,948,137.0,1.53,3.16,4.69,ok,2026-07-18T08:37:17Z,
B,Br8100,dlpfc,4.0,0,1000,1000,1000,random,emd,paste2,2,4.0219,,,948,137.0,1.53,5.2,6.73,ok,2026-07-18T08:37:19Z,
B,Br8100,dlpfc,4.0,0,1000,1000,1000,random,emd,paste2,3,3.6362,,,948,137.0,1.53,6.6,8.13,ok,2026-07-18T08:37:21Z,
B,Br8100,dlpfc,4.0,0,1000,1000,1000,random,emd,paste2,5,3.6376,,,948,137.0,1.53,9.33,10.85,ok,2026-07-18T08:37:23Z,
B,Br8100,dlpfc,4.0,0,1000,1000,1000,random,emd,paste2,6,3.6376,,,948,137.0,1.53,10.72,12.24,ok,2026-07-18T08:37:25Z,
B,Br8100,dlpfc,4.0,0,1000,1000,1000,random,emd,gated_rigid,final,3.6854,3.6376,False,948,137.0,1.53,10.73,12.26,ok,2026-07-18T08:37:25Z,
B,Br8100,dlpfc,4.0,0,1000,1000,1000,random,emd,gated_affine,final,3.1478,3.6376,True,948,137.0,1.53,10.73,12.26,ok,2026-07-18T08:37:25Z,
B,Br8100,dlpfc,4.0,0,1000,1000,1000,spatial,emd,paste2,1,8.6192,,,946,137.0,0.65,1.34,1.99,ok,2026-07-18T08:37:28Z,
B,Br8100,dlpfc,4.0,0,1000,1000,1000,spatial,emd,paste2,2,3.6716,,,946,137.0,0.65,2.28,2.93,ok,2026-07-18T08:37:29Z,
B,Br8100,dlpfc,4.0,0,1000,1000,1000,spatial,emd,paste2,3,3.6375,,,946,137.0,0.65,3.23,3.88,ok,2026-07-18T08:37:30Z,
B,Br8100,dlpfc,4.0,0,1000,1000,1000,spatial,emd,paste2,301,3.6375,,,946,137.0,0.65,6.09,6.74,ok,2026-07-18T08:37:33Z,
B,Br8100,dlpfc,4.0,0,1000,1000,1000,spatial,emd,paste2,301,3.6375,,,946,137.0,0.65,6.1,6.75,ok,2026-07-18T08:37:33Z,
B,Br8100,dlpfc,4.0,0,1000,1000,1000,spatial,emd,gated_rigid,final,4.075,3.6375,False,946,137.0,0.65,6.12,6.77,ok,2026-07-18T08:37:33Z,
B,Br8100,dlpfc,4.0,0,1000,1000,1000,spatial,emd,gated_affine,final,2.8649,3.6375,True,946,137.0,0.65,6.12,6.77,ok,2026-07-18T08:37:33Z,
B,Br8100,dlpfc,4.0,0,100000,3639,3673,full,emd,paste2,1,6.9641,,,3502,137.0,4.53,105.28,109.81,ok,2026-07-18T08:39:24Z,
B,Br8100,dlpfc,4.0,0,100000,3639,3673,full,emd,paste2,2,3.6185,,,3502,137.0,4.53,145.4,149.93,ok,2026-07-18T08:40:04Z,
B,Br8100,dlpfc,4.0,0,100000,3639,3673,full,emd,paste2,3,3.4298,,,3502,137.0,4.53,177.38,181.91,ok,2026-07-18T08:40:35Z,
B,Br8100,dlpfc,4.0,0,100000,3639,3673,full,emd,paste2,5,3.4279,,,3502,137.0,4.53,248.69,253.22,ok,2026-07-18T08:41:47Z,
B,Br8100,dlpfc,4.0,0,100000,3639,3673,full,emd,paste2,6,3.4228,,,3502,137.0,4.53,292.02,296.54,ok,2026-07-18T08:42:30Z,
B,Br8100,dlpfc,4.0,0,100000,3639,3673,full,emd,gated_rigid,final,3.2294,3.4228,True,3502,137.0,4.53,292.11,296.63,ok,2026-07-18T08:42:31Z,
B,Br8100,dlpfc,4.0,0,100000,3639,3673,full,emd,gated_affine,final,2.5666,3.4228,True,3502,137.0,4.53,292.11,296.63,ok,2026-07-18T08:42:31Z,
C,Br8100,dlpfc,4.0,0,1500,1500,1500,random,emd,paste2,1,7.6148,,,1422,137.0,1.17,7.49,8.65,ok,2026-07-18T08:42:42Z,
C,Br8100,dlpfc,4.0,0,1500,1500,1500,random,emd,paste2,2,3.6339,,,1422,137.0,1.17,13.3,14.46,ok,2026-07-18T08:42:48Z,
C,Br8100,dlpfc,4.0,0,1500,1500,1500,random,emd,paste2,3,3.6238,,,1422,137.0,1.17,17.3,18.47,ok,2026-07-18T08:42:52Z,
C,Br8100,dlpfc,4.0,0,1500,1500,1500,random,emd,paste2,5,3.6238,,,1422,137.0,1.17,31.68,32.85,ok,2026-07-18T08:43:06Z,
C,Br8100,dlpfc,4.0,0,1500,1500,1500,random,emd,paste2,301,3.6238,,,1422,137.0,1.17,35.74,36.91,ok,2026-07-18T08:43:10Z,
C,Br8100,dlpfc,4.0,0,1500,1500,1500,random,emd,paste2,301,3.6238,,,1422,137.0,1.17,35.78,36.94,ok,2026-07-18T08:43:10Z,
C,Br8100,dlpfc,4.0,0,1500,1500,1500,random,emd,gated_rigid,final,3.3415,3.6238,True,1422,137.0,1.17,35.81,36.97,ok,2026-07-18T08:43:10Z,
C,Br8100,dlpfc,4.0,0,1500,1500,1500,random,emd,gated_affine,final,2.6281,3.6238,True,1422,137.0,1.17,35.81,36.97,ok,2026-07-18T08:43:10Z,
C,Br8100,dlpfc,4.0,0,1500,1500,1500,random,armijo,paste2,1,7.7025,,,1422,137.0,3.69,16.21,19.89,ok,2026-07-18T08:43:33Z,
C,Br8100,dlpfc,4.0,0,1500,1500,1500,random,armijo,paste2,2,3.6297,,,1422,137.0,3.69,28.84,32.52,ok,2026-07-18T08:43:46Z,
C,Br8100,dlpfc,4.0,0,1500,1500,1500,random,armijo,paste2,3,3.5773,,,1422,137.0,3.69,35.14,38.82,ok,2026-07-18T08:43:52Z,
C,Br8100,dlpfc,4.0,0,1500,1500,1500,random,armijo,paste2,5,3.6236,,,1422,137.0,3.69,50.2,53.89,ok,2026-07-18T08:44:07Z,
C,Br8100,dlpfc,4.0,0,1500,1500,1500,random,armijo,paste2,6,3.6238,,,1422,137.0,3.69,58.03,61.72,ok,2026-07-18T08:44:15Z,
C,Br8100,dlpfc,4.0,0,1500,1500,1500,random,armijo,gated_rigid,final,3.3254,3.6238,True,1422,137.0,3.69,58.06,61.74,ok,2026-07-18T08:44:15Z,
C,Br8100,dlpfc,4.0,0,1500,1500,1500,random,armijo,gated_affine,final,2.5592,3.6238,True,1422,137.0,3.69,58.06,61.74,ok,2026-07-18T08:44:15Z,
C,Br8100,dlpfc,4.0,0,1500,1500,1500,random,sinkhorn0.1,paste2,1,7.6148,,,1422,137.0,1.45,7.59,9.05,ok,2026-07-18T08:44:28Z,
C,Br8100,dlpfc,4.0,0,1500,1500,1500,random,sinkhorn0.1,paste2,2,3.6339,,,1422,137.0,1.45,22.81,24.27,ok,2026-07-18T08:44:43Z,
C,Br8100,dlpfc,4.0,0,1500,1500,1500,random,sinkhorn0.1,paste2,3,3.6238,,,1422,137.0,1.45,32.07,33.52,ok,2026-07-18T08:44:52Z,
C,Br8100,dlpfc,4.0,0,1500,1500,1500,random,sinkhorn0.1,paste2,5,3.6238,,,1422,137.0,1.45,44.62,46.07,ok,2026-07-18T08:45:05Z,
C,Br8100,dlpfc,4.0,0,1500,1500,1500,random,sinkhorn0.1,paste2,301,3.6238,,,1422,137.0,1.45,49.11,50.56,ok,2026-07-18T08:45:09Z,
C,Br8100,dlpfc,4.0,0,1500,1500,1500,random,sinkhorn0.1,paste2,301,3.6238,,,1422,137.0,1.45,49.13,50.58,ok,2026-07-18T08:45:09Z,
C,Br8100,dlpfc,4.0,0,1500,1500,1500,random,sinkhorn0.1,gated_rigid,final,3.3415,3.6238,True,1422,137.0,1.45,49.14,50.6,ok,2026-07-18T08:45:09Z,
C,Br8100,dlpfc,4.0,0,1500,1500,1500,random,sinkhorn0.1,gated_affine,final,2.6281,3.6238,True,1422,137.0,1.45,49.14,50.6,ok,2026-07-18T08:45:09Z,
C,Br8100,dlpfc,4.0,0,1500,1500,1500,random,sinkhorn0.01,paste2,1,7.6148,,,1422,137.0,1.28,5.95,7.23,ok,2026-07-18T08:45:18Z,
